Vaccine,Brandname/ Tradename,NDC,Packaging,CDC Cost/ Dose,Private Sector Cost/ Dose,Contract End Date,Manufacturer,Contract Number,Date
Influenza [6] [5],Fluzone,,10 dose vials,$9.97 ,$11.72 ,2/28/2009,Sanofi Pasteur,,2009-02-05
Influenza [5],Fluzone,,10 pack – 1 dose syringes,$14.25 ,$16.09 ,2/28/2009,Sanofi Pasteur,,2009-02-05
Influenza [6] [5](Age 4 years and older),Fluvirin,,10 dose vials,$9.25 ,$12.48 ,2/28/2009,Novartis,,2009-02-05
Influenza [5],Fluarix,,10 dose vials,$6.70 ,$11.10 ,2/28/2009,GlaxoSmithKline,,2009-02-05
Influenza [5],FluMist,,10 pack – 1 dose sprayers,$18.50 ,$19.70 ,2/28/2009,MedImmune,,2009-02-05
Influenza [5],Fluzone,,10 dose vials,$8.15 ,$11.17 ,2/28/2010,Sanofi Pasteur,,2009-05-01
Influenza [5],Fluzone,,10 pack – 1 dose syringes,$8.90 ,$12.41 ,2/28/2010,Sanofi Pasteur,,2009-05-01
Influenza [6][5],Fluvirin,,10 dose vials,$4.90 ,$9.75 ,2/28/2010,Novartis,,2009-05-01
Influenza [6][5],Fluvirin Preservative-free,,10 pack-1 dose syringes,$6.25 ,$11.25 ,2/28/2010,Novartis,,2009-05-01
Influenza [5],Fluraix,,10 pack – 1 dose vials,$8.90 ,$13.25 ,2/28/2010,GlaxoSmithKline,,2009-05-01
Influenza [5],Fluraix Preservative-free,,5 pack – 1 dose syringes,$8.90 ,$13.25 ,2/28/2010,GlaxoSmithKline,,2009-05-01
Influenza [5],FluLaval,,10 dose vials,$6.70 ,$10.50 ,2/28/2010,GlaxoSmithKline,,2009-05-01
Influenza [5],Afluria Preservative-free,,10 pack-1 dose syringes,$7.00 ,$8.00 ,2/28/2010,CSL,,2009-05-01
Influenza [5],Afluria,,10 dose vials,$6.00 ,$7.00 ,2/28/2010,CSL,,2009-05-01
Influenza [5],Fluzone,,10 dose vials,$8.15 ,$11.17 ,2/28/2010,Sanofi Pasteur,,2009-08-07
Influenza [5],Fluzone,,10 pack – 1 dose syringes,$8.90 ,$12.41 ,2/28/2010,Sanofi Pasteur,,2009-08-07
Influenza [6][5],Fluvirin,,10 dose vials,$4.90 ,$9.75 ,2/28/2010,Novartis,,2009-08-07
Influenza [6][5],Fluvirin Preservative-free,,10 pack-1 dose syringes,$6.25 ,$11.25 ,2/28/2010,Novartis,,2009-08-07
Influenza [5],Fluraix,,10 pack – 1 dose vials,$8.90 ,$13.25 ,2/28/2010,GlaxoSmithKline,,2009-08-07
Influenza [5],Fluraix Preservative-free,,5 pack – 1 dose syringes,$8.90 ,$13.25 ,2/28/2010,GlaxoSmithKline,,2009-08-07
Influenza [5],FluLaval,,10 dose vials,$6.70 ,$10.50 ,2/28/2010,GlaxoSmithKline,,2009-08-07
Influenza [5],Afluria,,10 pack-1 dose syringes,$7.00 ,$8.00 ,2/28/2010,CSL,,2009-08-07
Influenza [5][6],Afluria,,10 dose vials,$6.00 ,$7.00 ,2/28/2010,CSL,,2009-08-07
Influenza [5],Fluzone,,10 dose vials,$8.15 ,$9.72 ,2/28/2010,Sanofi Pasteur,,2009-10-09
Influenza [5],Fluzone,,10 pack – 1 dose syringes,$8.90 ,$10.71 ,2/28/2010,Sanofi Pasteur,,2009-10-09
Influenza [6][5],Fluvirin,,10 dose vials,$4.90 ,$9.75 ,2/28/2010,Novartis,,2009-10-09
Influenza [6][5],Fluvirin Preservative-free,,10 pack-1 dose syringes,$6.25 ,$11.25 ,2/28/2010,Novartis,,2009-10-09
Influenza [5],Fluraix,,10 pack – 1 dose vials,$8.90 ,$13.25 ,2/28/2010,GlaxoSmithKline,,2009-10-09
Influenza [5],Fluraix Preservative-free,,5 pack – 1 dose syringes,$8.90 ,$13.25 ,2/28/2010,GlaxoSmithKline,,2009-10-09
Influenza [5],FluLaval,,10 dose vials,$6.70 ,$10.50 ,2/28/2010,GlaxoSmithKline,,2009-10-09
Influenza [5],Afluria,,10 pack-1 dose syringes,$7.00 ,$8.00 ,2/28/2010,CSL,,2009-10-09
Influenza [5][6],Afluria,,10 dose vials,$6.00 ,$7.00 ,2/28/2010,CSL,,2009-10-09
Influenza [5],Fluzone,,10 dose vials,$8.15 ,$9.72 ,2/28/2010,Sanofi Pasteur,,2010-01-12
Influenza [5],Fluzone,,10 pack – 1 dose syringes,$8.90 ,$10.71 ,2/28/2010,Sanofi Pasteur,,2010-01-12
Influenza[6][5],Fluvirin,,10 dose vials,$4.90 ,$9.75 ,2/28/2010,Novartis,,2010-01-12
Influenza [6][5],Fluvirin,,10 pack-1 dose syringes,$6.25 ,$11.25 ,2/28/2010,Novartis,,2010-01-12
Influenza [5],Fluraix,,5 pack – 1 dose syringe,$8.90 ,$13.25 ,2/28/2010,GlaxoSmithKline,,2010-01-12
Influenza [5],FluLaval,,10 dose vial,$6.70 ,$10.50 ,2/28/2010,GlaxoSmithKline,,2010-01-12
Influenza [5],Afluri,,10 pack-1 dose syringe,$7.00 ,$8.00 ,2/28/2010,CSL,,2010-01-12
Influenza [5][6],Afluria,,10 dose vial,$6.00 ,$7.00 ,2/28/2010,CSL,,2010-01-12
Influenza [5],Fluzone,,10 dose vials,$8.27 ,$11.17 ,2/28/2011,Sanofi Pasteur,,2010-04-06
Influenza [5],Fluzone,,10 pack – 1 dose syringes,$9.06 ,$12.41 ,2/28/2011,Sanofi Pasteur,,2010-04-06
Influenza [5],Agriflu,,10 pack – 1 dose syringes,$12.75 ,$13.25 ,2/28/2011,Novartis,,2010-04-06
Influenza [6] [5],Fluvirin,,10 dose vials,$11.25 ,$11.75 ,2/28/2011,Novartis,,2010-04-06
Influenza [6] [5],Fluvirin,,10 pack-1 dose syringes,$12.75 ,$13.25 ,2/28/2011,Novartis,,2010-04-06
Influenza [5],Fluraix,,5 pack – 1 dose syringe,$8.90 ,$10.98 ,2/28/2011,GlaxoSmithKline,,2010-04-06
Influenza [6] [5],FluLaval,,10 dose vial,$6.70 ,$7.83 ,2/28/2011,GlaxoSmithKline,,2010-04-06
Influenza [5],Flumist,,10 pack-1 dose sprayers,$15.70 ,$19.70 ,2/28/2011,MedImmune,,2010-04-06
Influenza [5],Fluzone,49281-0386-15,10 dose vials,$8.27 ,$11.17 ,2/28/2011,Sanofi Pasteur,200-2010-3748,2010-08-03
Influenza [5],Fluzone,49281-0010-50,10 pack – 1 dose syringes,$9.06 ,$12.41 ,2/28/2011,Sanofi Pasteur,200-2010-33748,2010-08-03
Influenza [5],Agriflu,46028-0109-01,10 pack – 1 dose syringes,$12.75 ,$13.25 ,2/28/2011,Novartis,200-2010-33747,2010-08-03
Influenza [6] [5],Fluvirin,66521-0113-10,10 dose vials,$11.25 ,$11.75 ,2/28/2011,Novartis,200-2010-33747,2010-08-03
Influenza [6] [5],Fluvirin,66521-0113-02,10 pack-1 dose syringes,$12.75 ,$13.25 ,2/28/2011,Novartis,200-2010-33747,2010-08-03
Influenza [5],Fluarix,58160-0877-46,5 pack – 1 dose syringe,$8.90 ,$10.98 ,2/28/2011,GlaxoSmithKline,200-2010-33745,2010-08-03
Influenza [6] [5],FluLaval,19515-0887-07,10 dose vial,$6.70 ,$7.83 ,2/28/2011,GlaxoSmithKline,200-2010-33745,2010-08-03
Influenza [5],Flumist,66019-0108-10,10 pack-1 dose sprayers,$15.70 ,$19.70 ,2/28/2011,MedImmune,200-2010-33746,2010-08-03
Influenza [5],Fluzone,49281-0386-15,10 dose vials,$8.27 ,$11.17 ,2/28/2011,Sanofi Pasteur,200-2010-3748,2010-10-06
Influenza [5],Fluzone,49281-0010-50,10 pack – 1 dose syringes,$9.06 ,$12.41 ,2/28/2011,Sanofi Pasteur,200-2010-33748,2010-10-06
Influenza [5],Agriflu,46028-0110-01,10 pack – 1 dose syringes,$12.75 ,$13.25 ,2/28/2011,Novartis,200-2010-33747,2010-10-06
Influenza [6] [5],Fluvirin,66521-0113-10,10 dose vials,$11.25 ,$11.75 ,2/28/2011,Novartis,200-2010-33747,2010-10-06
Influenza [6] [5],Fluvirin,66521-0113-02,10 pack-1 dose syringes,$12.75 ,$13.25 ,2/28/2011,Novartis,200-2010-33747,2010-10-06
Influenza [5],Fluarix,58160-0877-46,5 pack – 1 dose syringe,$8.90 ,$10.98 ,2/28/2011,GlaxoSmithKline,200-2010-33745,2010-10-06
Influenza [6] [5],FluLaval,19515-0887-07,10 dose vial,$6.70 ,$7.83 ,2/28/2011,GlaxoSmithKline,200-2010-33745,2010-10-06
Influenza [5],Flumist,66019-0108-10,10 pack-1 dose sprayers,$15.70 ,$19.70 ,2/28/2011,MedImmune,200-2010-33746,2010-10-06
"Influenza [5, 6]",Fluzone,49281-0386-15,10 dose vial,$9.30 ,$11.17 ,2/28/2011,Sanofi Pasteur,200-2010-33748,2011-01-01
Influenza [5],Fluzone,49281-0010-10,10 pack – 1 dose vial,$10.97 ,$12.41 ,2/28/2011,Sanofi Pasteur,200-2010-33748,2011-01-01
Influenza [5],Agriflu,46028-0110-01,10 pack -1 dose syringe,$12.75 ,$13.25 ,2/28/2011,Novartis,200-2010-33747,2011-01-01
"Influenza [5, 6]",Fluvirin,66521-0113-10,10 dose vial,$11.25 ,$11.75 ,2/28/2011,Novartis,200-2010-33747,2011-01-01
Influenza [5],Fluarix,58160-0877-52,5 pack – 1 dose syringe,$8.90 ,$10.98 ,2/28/2011,GlaxoSmithKline,200-2010-33745,2011-01-01
"Influenza [5, 6]",FluLaval,19515-0887-07,10 dose vial,$6.70 ,$7.83 ,2/28/2011,GlaxoSmithKline,200-2010-33745,2011-01-01
Influenza [5],FluMist,66019-0108-10,10 pack -1 dose sprayer,$15.70 ,$19.70 ,2/28/2011,MedImmune,200-2010-33746,2011-01-01
"Influenza [5, 6] (Age 6 months and older)",Fluzone,49281-0388-15,10 dose vial,$9.30 ,$11.17 ,2/29/2012,Sanofi Pasteur,200-2011-38145,2011-04-08
Influenza [5] (age 36 months and older),Fluzone,49281-0011-50,10 pack – 1 dose syringe,$10.97 ,$12.41 ,2/29/2012,Sanofi Pasteur,200-2011-38145,2011-04-08
Influenza [5] (age 36 months and older),Fluzone,49281-0011-10,10 pack – 1 dose vial,$10.97 ,$12.41 ,2/29/2012,Sanofi Pasteur,200-2011-38145,2011-04-08
"Influenza [5, 6] (Age 4 years and older)",Fluvirin,66521-0114-10,10 dose vial,$10.70 ,$12.10 ,2/29/2012,Novartis,200-2011-38147,2011-04-08
Influenza [5] (Age 4 years and older),Fluvirin,66521-0114-02,10 pack -1 dose syringe,$12.75 ,$13.60 ,2/29/2012,Novartis,200-2011-38147,2011-04-08
Influenza [5] (age 36 months and older),Fluarix Preservative-free,58160-0878-52,10 pack – 1 dose syringe,$8.90 ,$10.98 ,2/29/2012,GlaxoSmithKline,200-2011-38146,2011-04-08
"Influenza [5, 6] (18 years and older)",FluLaval ,19515-0888-07,10 dose vial,$7.48 ,$7.83 ,2/29/2012,GlaxoSmithKline,200-2011-38146,2011-04-08
"Influenza [5] Live, Intranasal (Age 2-49 years)",FluMist ,66019-0109-10,10 pack -1 dose sprayer (Intranasal),$15.70 ,$19.70 ,2/29/2012,MedImmune,200-2011-38148,2011-04-08
Influenza [5] (Age 9 years and older),Afluria,33332-0011-01,10 pack-1 dose,$9.00 ,$11.00 ,2/29/2012,Merck,200-2011-38139,2011-04-08
"Influenza [5, 6] (Age 9 years and older)",Afluria,33332-0111-10, 10 dose vials-1 pack,$8.25 ,$10.25 ,2/29/2012,Merck,200-2011-38139,2011-04-08
"Influenza [5, 6] (Age 6 months and older)",Fluzone,49281-0388-15,10 dose vial,$9.30 ,$11.17 ,2/29/2012,Sanofi Pasteur,200-2011-38145,2011-07-18
Influenza [5] (age 36 months and older),Fluzone,49281-0011-50,10 pack – 1 dose syringe,$10.97 ,$12.41 ,2/29/2012,Sanofi Pasteur,200-2011-38145,2011-07-18
Influenza [5] (age 36 months and older),Fluzone,49281-0011-10,10 pack – 1 dose vial,$10.97 ,$12.41 ,2/29/2012,Sanofi Pasteur,200-2011-38145,2011-07-18
"Influenza [5, 6] (Age 4 years and older)",Fluvirin,66521-0114-10,10 dose vial,$10.70 ,$12.10 ,2/29/2012,Novartis,200-2011-38147,2011-07-18
Influenza [5] (Age 4 years and older),Fluvirin,66521-0114-02,10 pack -1 dose syringe,$12.75 ,$13.60 ,2/29/2012,Novartis,200-2011-38147,2011-07-18
Influenza [5] (age 36 months and older),Fluarix Preservative-free,58160-0878-52,10 pack – 1 dose syringe,$8.90 ,$10.98 ,2/29/2012,GlaxoSmithKline,200-2011-38146,2011-07-18
"Influenza [5, 6] (18 years and older)",FluLaval ,19515-0888-07,10 dose vial,$7.48 ,$7.83 ,2/29/2012,GlaxoSmithKline,200-2011-38146,2011-07-18
"Influenza [5] Live, Intranasal (Age 2-49 years)",FluMist ,66019-0109-10,10 pack -1 dose sprayer (Intranasal),$15.70 ,$19.70 ,2/29/2012,MedImmune,200-2011-38148,2011-07-18
Influenza [5] (Age 9 years and older),Afluria,33332-0011-01,10 pack-1 dose,$9.00 ,$11.00 ,2/29/2012,Merck,200-2011-38144,2011-07-18
"Influenza [5, 6] (Age 9 years and older)",Afluria,33332-0111-10, 10 dose vials-1 pack,$8.25 ,$10.25 ,2/29/2012,Merck,200-2011-38144,2011-07-18
"Influenza [5, 6] (Age 6 months and older)",Fluzone,49281-0388-15,10 dose vial,$9.30 ,$11.17 ,2/29/2012,Sanofi Pasteur,200-2011-38145,2011-09-29
Influenza [5] (age 36 months and older),Fluzone,49281-0011-50,10 pack – 1 dose syringe,$10.97 ,$12.41 ,2/29/2012,Sanofi Pasteur,200-2011-38145,2011-09-29
Influenza [5] (age 36 months and older),Fluzone,49281-0011-10,10 pack – 1 dose vial,$10.97 ,$12.41 ,2/29/2012,Sanofi Pasteur,200-2011-38145,2011-09-29
"Influenza [5, 6] (Age 4 years and older)",Fluvirin,66521-0114-10,10 dose vial,$10.70 ,$12.10 ,2/29/2012,Novartis,200-2011-38147,2011-09-29
Influenza [5] (Age 4 years and older),Fluvirin,66521-0114-02,10 pack -1 dose syringe,$12.75 ,$13.60 ,2/29/2012,Novartis,200-2011-38147,2011-09-29
Influenza [5] (age 36 months and older),Fluarix Preservative-free,58160-0878-52,10 pack – 1 dose syringe,$8.90 ,$10.98 ,2/29/2012,GlaxoSmithKline,200-2011-38146,2011-09-29
"Influenza [5, 6] (18 years and older)",FluLaval ,19515-0888-07,10 dose vial,$7.48 ,$7.83 ,2/29/2012,GlaxoSmithKline,200-2011-38146,2011-09-29
"Influenza [5] Live, Intranasal (Age 2-49 years)",FluMist ,66019-0109-10,10 pack -1 dose sprayer (Intranasal),$15.70 ,$19.70 ,2/29/2012,MedImmune,200-2011-38148,2011-09-29
Influenza [5] (Age 9 years and older),Afluria,33332-0011-01,10 pack-1 dose,$9.00 ,$11.00 ,2/29/2012,Merck,200-2011-38144,2011-09-29
"Influenza [5, 6] (Age 9 years and older)",Afluria,33332-0111-10, 10 dose vials-1 pack,$8.25 ,$10.25 ,2/29/2012,Merck,200-2011-38144,2011-09-29
"Influenza [5, 6]",Fluzone,49281-0388-15,10 dose vial,$9.30 ,$11.17 ,2/29/2012,Sanofi Pasteur,200-2011-38145,2012-01-06
Influenza [5],Fluzone,49281-0011-50,10 pack – 1 dose syringe,$10.97 ,$12.41 ,2/29/2012,Sanofi Pasteur,200-2011-38145,2012-01-06
"Influenza [5, 6]",Fluvirin,66521-0114-10,10 dose vial,$10.70 ,$12.10 ,2/29/2012,Novartis,200-2011-38147,2012-01-06
Influenza [5],Fluvirin,66521-0114-02,10 pack -1 dose syringe,$12.75 ,$13.60 ,2/29/2012,Novartis,200-2011-38147,2012-01-06
Influenza [5],Fluarix,58160-0878-52,10 pack – 1 dose syringe,$8.90 ,$10.98 ,2/29/2012,GlaxoSmithKline,200-2011-38146,2012-01-06
"Influenza [5, 6]",FluLaval,19515-0888-07,10 dose vial,$7.48 ,$7.83 ,2/29/2012,GlaxoSmithKline,200-2011-38146,2012-01-06
Influenza [5],FluMist,66019-0109-10,10 pack -1 dose sprayer (Intranasal),$15.70 ,$19.70 ,2/29/2012,MedImmune,200-2011-38148,2012-01-06
Influenza [5],Afluria,33332-0011-01,10 pack-1 dose,$9.00 ,$11.00 ,2/29/2012,Merck,200-2011-38144,2012-01-06
"Influenza [5, 6]",Afluria,33332-0111-10,10 dose vials-1 pack,$8.25 ,$10.25 ,2/29/2012,Merck,200-2011-38144,2012-01-06
"Influenza [5, 6]",Fluzone,49281-0390-15,10 dose vial,$8.62 ,$12.35 ,2/28/2013,Sanofi Pasteur,200-2012-50320,2012-04-10
Influenza [5],Fluzone,49281-0705-55,10 pack – 1 dose syringe,$12.87 ,$17.03 ,2/28/2013,Sanofi Pasteur,200-2012-50320,2012-04-10
Influenza [5],Fluzone,49281-0012-50,10 pack – 1 dose syringe,$9.55 ,$13.72 ,2/28/2013,Sanofi Pasteur,200-2012-50320,2012-04-10
"Influenza [5, 6]",AgriFlu,46028-0114-01,10 pack – 1 dose syringe,$9.75 ,$14.00 ,2/28/2013,Novartis,200-2012-50319,2012-04-10
"Influenza [5, 6]",Fluvirin,66521-0115-10,10 dose vial,$8.25 ,$12.10 ,2/28/2013,Novartis,200-2012-50319,2012-04-10
Influenza [5],Fluvirin,66521-0115-02,10 pack -1 dose syringe,$9.25 ,$13.60 ,2/28/2013,Novartis,200-2012-50319,2012-04-10
Influenza [5],Fluarix,58160-0879-52,10 pack – 1 dose syringe,$8.38 ,$10.98 ,2/28/2013,GlaxoSmithKline,200-2012-50316,2012-04-10
"Influenza [5, 6]",FluLaval,19515-0889-07,10 dose vial,$7.27 ,$7.83 ,2/28/2013,GlaxoSmithKline,200-2012-50316,2012-04-10
Influenza [5],Afluria,33332-0012-01,10 pack-1 dose,$8.13 ,$11.00 ,2/28/2013,Merck,200-2012-50318,2012-04-10
"Influenza [5, 6]",Afluria,33332-0112-10,10 dose vials-1 pack,$7.82 ,$10.25 ,2/28/2013,Merck,200-2012-50318,2012-04-10
"Influenza [5, 6]",Fluzone,49281-0390-15,10 dose vial,$8.16 ,$10.69 ,2/28/2013,Sanofi Pasteur,200-2012-50320,2012-07-31
Influenza [5],Fluzone,49281-0705-55,10 pack – 1 dose syringe,$12.64 ,$16.72 ,2/28/2013,Sanofi Pasteur,200-2012-50320,2012-07-31
Influenza [5],Fluzone,49281-0012-50,10 pack – 1 dose syringe,$9.49 ,$12.49 ,2/28/2013,Sanofi Pasteur,200-2012-50320,2012-07-31
"Influenza [5, 6]",AgriFlu,46028-0112-01,10 pack – 1 dose syringe,$9.75 ,$14.00 ,2/28/2013,Novartis,200-2012-50319,2012-07-31
"Influenza [5, 6]",Fluvirin,66521-0115-10,10 dose vial,$8.25 ,$12.45 ,2/28/2013,Novartis,200-2012-50319,2012-07-31
Influenza [5],Fluvirin,66521-0115-02,10 pack -1 dose syringe,$9.25 ,$14.00 ,2/28/2013,Novartis,200-2012-50319,2012-07-31
Influenza [5],Fluarix,58160-0879-52,10 pack – 1 dose syringe,$8.38 ,$10.98 ,2/28/2013,GlaxoSmithKline,200-2012-50316,2012-07-31
"Influenza [5, 6]",FluLaval,19515-0889-07,10 dose vial,$6.71 ,$9.50 ,2/28/2013,GlaxoSmithKline,200-2012-50316,2012-07-31
Influenza [5],Afluria,33332-0012-01,10 pack-1 dose,$8.13 ,$11.00 ,2/28/2013,Merck,200-2012-50318,2012-07-31
"Influenza [5, 6]",Afluria,33332-0112-10,10 dose vials-1 pack,$7.82 ,$10.25 ,2/28/2013,Merck,200-2012-50318,2012-07-31
"Influenza [5, 6]",Fluzone,49281-0390-15,10 dose vial,$8.16 ,$10.69 ,2/28/2013,Sanofi Pasteur,200-2012-50320,2012-10-15
Influenza [5],Fluzone,49281-0705-55,10 pack – 1 dose syringe,$12.64 ,$16.72 ,2/28/2013,Sanofi Pasteur,200-2012-50320,2012-10-15
Influenza [5],Fluzone,49281-0012-50,10 pack – 1 dose syringe,$9.49 ,$12.49 ,2/28/2013,Sanofi Pasteur,200-2012-50320,2012-10-15
"Influenza [5, 6]",AgriFlu,46028-0112-01,10 pack – 1 dose syringe,$9.75 ,$14.00 ,2/28/2013,Novartis,200-2012-50319,2012-10-15
"Influenza [5, 6]",Fluvirin,66521-0115-10,10 dose vial,$8.25 ,$12.45 ,2/28/2013,Novartis,200-2012-50319,2012-10-15
Influenza [5],Fluvirin,66521-0115-02,10 pack -1 dose syringe,$9.25 ,$14.00 ,2/28/2013,Novartis,200-2012-50319,2012-10-15
Influenza [5],Fluarix,58160-0879-52,10 pack – 1 dose syringe,$8.38 ,$10.98 ,2/28/2013,GlaxoSmithKline,200-2012-50316,2012-10-15
"Influenza [5, 6]",FluLaval,19515-0889-07,10 dose vial,$6.71 ,$9.50 ,2/28/2013,GlaxoSmithKline,200-2012-50316,2012-10-15
Influenza [5],Afluria,33332-0012-01,10 pack-1 dose,$8.13 ,$11.00 ,2/28/2013,Merck,200-2012-50318,2012-10-15
"Influenza [5, 6]",Afluria,33332-0112-10,10 dose vials-1 pack,$7.82 ,$10.25 ,2/28/2013,Merck,200-2012-50318,2012-10-15
"Influenza [5, 6]",Fluzone,49281-0390-15,10 dose vial,$8.16 ,$10.69 ,2/28/2013,Sanofi Pasteur,200-2012-50320,2013-02-14
Influenza [5],Fluzone,49281-0705-55,10 pack – 1 dose syringe,$12.64 ,$16.72 ,2/28/2013,Sanofi Pasteur,200-2012-50320,2013-02-14
Influenza [5],Fluzone,49281-0012-50,10 pack – 1 dose syringe,$9.49 ,$12.49 ,2/28/2013,Sanofi Pasteur,200-2012-50320,2013-02-14
"Influenza [5, 6]",AgriFlu,46028-0112-01,10 pack – 1 dose syringe,$9.75 ,$14.00 ,2/28/2013,Novartis,200-2012-50319,2013-02-14
"Influenza [5, 6]",Fluvirin,66521-0115-10,10 dose vial,$8.25 ,$12.45 ,2/28/2013,Novartis,200-2012-50319,2013-02-14
Influenza [5],Fluvirin,66521-0115-02,10 pack -1 dose syringe,$9.25 ,$14.00 ,2/28/2013,Novartis,200-2012-50319,2013-02-14
Influenza [5],Fluarix,58160-0879-52,10 pack – 1 dose syringe,$8.38 ,$10.98 ,2/28/2013,GlaxoSmithKline,200-2012-50316,2013-02-14
"Influenza [5, 6]",FluLaval,19515-0889-07,10 dose vial,$6.71 ,$9.50 ,2/28/2013,GlaxoSmithKline,200-2012-50316,2013-02-14
Influenza [5],Afluria,33332-0012-01,10 pack-1 dose,$8.13 ,$11.00 ,2/28/2013,Merck,200-2012-50318,2013-02-14
"Influenza [5, 6]",Afluria,33332-0112-10,10 dose vials-1 pack,$7.82 ,$10.25 ,2/28/2013,Merck,200-2012-50318,2013-02-14
"Influenza [5, 6]",Fluzone,49281-0392-15,10 dose vial,$8.15 ,$10.69 ,2/21/2014,Sanofi Pasteur,200-2013-54009,2013-04-16
Influenza [5],Fluzone,49281-0707-55,10 pack – 1 dose syringe,$12.64 ,$16.72 ,2/21/2014,Sanofi Pasteur,200-2013-54009,2013-04-16
Influenza [5],Fluzone,49281-0013-50,10 pack – 1 dose syringe,$9.49 ,$12.49 ,2/21/2014,Sanofi Pasteur,200-2013-54009,2013-04-16
Influenza [5],Flucelvax Preservative Free Antibiotic free,63851-0612-01,10 pack – 1 dose syringe,$9.50 ,$18.25 ,2/21/2014,Novartis,200-2013-54011,2013-04-16
"Influenza [5, 6]",Fluvirin,66521-0116-10,10 dose vial,$6.75 ,$13.25 ,2/21/2014,Novartis,200-2013-54011,2013-04-16
Influenza [5],Fluvirin,66521-0116-02,10 pack -1 dose syringe,$7.75 ,$14.35 ,2/21/2014,Novartis,200-2013-54011,2013-04-16
"Influenza [5, 6]",FluLaval,19515-0890-07,10 dose vial,$5.89 ,$9.50 ,2/21/2014,GlaxoSmithKline,200-2013-54008,2013-04-16
Influenza [5],Fluarix,58160-0880-52,10 pack – 1 dose syringe,$8.08 ,$10.98 ,2/21/2014,GlaxoSmithKline,200-2013-54008,2013-04-16
Influenza [5],Fluarix Quadrivalent,58160-0900-52,10 pack – 1 dose syringe,12.03,15.9,2/21/2014,GlaxoSmithKline,200-2013-54008,2013-04-16
Influenza [5],Afluria,33332-0013-01,10 pack-1 dose,$8.13 ,$11.00 ,2/21/2014,Merck,200-2013-54010,2013-04-16
"Influenza [5, 6]",Afluria,33332-0113-10,10 dose vials-1 pack,$7.82 ,$10.25 ,2/21/2014,Merck,200-2013-54010,2013-04-16
"Influenza [5, 6]",Fluzone,49281-0392-15,10 dose vial,$8.15 ,$10.69 ,2/21/2014,Sanofi Pasteur,200-2013-54009,2013-07-24
Influenza [5],Fluzone,49281-0707-55,10 pack – 1 dose syringe,$12.64 ,$16.72 ,2/21/2014,Sanofi Pasteur,200-2013-54009,2013-07-24
Influenza [5],Fluzone,49281-0013-50,10 pack – 1 dose syringe,$9.49 ,$12.49 ,2/21/2014,Sanofi Pasteur,200-2013-54009,2013-07-24
Influenza [5],Flucelvax Preservative Free Antibiotic free,63851-0612-01,10 pack – 1 dose syringe,$9.50 ,$18.25 ,2/21/2014,Novartis,200-2013-54011,2013-07-24
"Influenza [5, 6]",Fluvirin,66521-0116-10,10 dose vial,$6.75 ,$13.25 ,2/21/2014,Novartis,200-2013-54011,2013-07-24
Influenza [5],Fluvirin,66521-0116-02,10 pack -1 dose syringe,$7.75 ,$14.35 ,2/21/2014,Novartis,200-2013-54011,2013-07-24
"Influenza [5, 6]",FluLaval,19515-0890-07,10 dose vial,$5.89 ,$9.50 ,2/21/2014,GlaxoSmithKline,200-2013-54008,2013-07-24
Influenza [5],Fluarix,58160-0880-52,10 pack – 1 dose syringe,$8.08 ,$10.98 ,2/21/2014,GlaxoSmithKline,200-2013-54008,2013-07-24
Influenza [5],Fluarix Quadrivalent,58160-0900-52,10 pack – 1 dose syringe,12.03,15.9,2/21/2014,GlaxoSmithKline,200-2013-54008,2013-07-24
Influenza [5],Afluria,33332-0013-01,10 pack-1 dose,$8.13 ,$11.00 ,2/21/2014,Merck,200-2013-54010,2013-07-24
"Influenza [5, 6]",Afluria,33332-0113-10,10 dose vials-1 pack,$7.82 ,$10.25 ,2/21/2014,Merck,200-2013-54010,2013-07-24
"Influenza [5, 6]",Fluzone,49281-0392-15,10 dose vial,$8.15 ,$10.69 ,2/21/2014,Sanofi Pasteur,200-2013-54009,2013-11-18
Influenza [5],Fluzone,49281-0707-55,10 pack – 1 dose syringe,$12.64 ,$16.72 ,2/21/2014,Sanofi Pasteur,200-2013-54009,2013-11-18
Influenza [5],Fluzone,49281-0013-50,10 pack – 1 dose syringe,$9.49 ,$12.49 ,2/21/2014,Sanofi Pasteur,200-2013-54009,2013-11-18
Influenza [5],Flucelvax Preservative Free Antibiotic free,63851-0612-01,10 pack – 1 dose syringe,$9.50 ,$18.25 ,2/21/2014,Novartis,200-2013-54011,2013-11-18
"Influenza [5, 6]",Fluvirin,66521-0116-10,10 dose vial,$6.75 ,$13.25 ,2/21/2014,Novartis,200-2013-54011,2013-11-18
Influenza [5],Fluvirin,66521-0116-02,10 pack -1 dose syringe,$7.75 ,$14.35 ,2/21/2014,Novartis,200-2013-54011,2013-11-18
"Influenza [5, 6]",FluLaval,19515-0890-07,10 dose vial,$5.89 ,$9.50 ,2/21/2014,GlaxoSmithKline,200-2013-54008,2013-11-18
Influenza [5],Fluarix,58160-0880-52,10 pack – 1 dose syringe,$8.08 ,$10.98 ,2/21/2014,GlaxoSmithKline,200-2013-54008,2013-11-18
Influenza [5],Fluarix Quadrivalent,58160-0900-52,10 pack – 1 dose syringe,12.03,15.9,2/21/2014,GlaxoSmithKline,200-2013-54008,2013-11-18
Influenza [5],Afluria,33332-0013-01,10 pack-1 dose,$8.13 ,$11.00 ,2/21/2014,Merck,200-2013-54010,2013-11-18
"Influenza [5, 6]",Afluria,33332-0113-10,10 dose vials-1 pack,$7.82 ,$10.25 ,2/21/2014,Merck,200-2013-54010,2013-11-18
"Influenza [5, 6]",Fluzone,49281-0392-15,10 dose vial,$8.15 ,$10.69 ,2/21/2014,Sanofi Pasteur,200-2013-54009,2014-01-31
Influenza [5],Fluzone,49281-0707-55,10 pack – 1 dose syringe,$12.64 ,$16.72 ,2/21/2014,Sanofi Pasteur,200-2013-54009,2014-01-31
Influenza [5],Fluzone,49281-0013-50,10 pack – 1 dose syringe,$9.49 ,$12.49 ,2/21/2014,Sanofi Pasteur,200-2013-54009,2014-01-31
Influenza [5],Flucelvax,63851-0612-01,10 pack – 1 dose syringe,$9.50 ,$18.25 ,2/21/2014,Novartis,200-2013-54011,2014-01-31
"Influenza [5, 6]",Fluvirin,66521-0116-10,10 dose vial,$6.75 ,$13.25 ,2/21/2014,Novartis,200-2013-54011,2014-01-31
Influenza [5],Fluvirin,66521-0116-02,10 pack -1 dose syringe,$7.75 ,$14.35 ,2/21/2014,Novartis,200-2013-54011,2014-01-31
"Influenza [5, 6]",FluLaval,19515-0890-07,10 dose vial,$5.89 ,$9.50 ,2/21/2014,GlaxoSmithKline,200-2013-54008,2014-01-31
Influenza [5],Fluarix,58160-0880-52,10 pack – 1 dose syringe,$8.08 ,$10.98 ,2/21/2014,GlaxoSmithKline,200-2013-54008,2014-01-31
Influenza [5],Afluria,33332-0013-01,10 pack-1 dose,$8.13 ,$11.00 ,2/21/2014,Merck,200-2013-54010,2014-01-31
"Influenza [5, 6]",Afluria,33332-0113-10,10 dose vials-1 pack,$7.82 ,$10.25 ,2/21/2014,Merck,200-2013-54010,2014-01-31
"Influenza [5, 6]",Fluzone,49281-0394-15,10 dose vial,$7.75 ,$10.69 ,2/28/2015,Sanofi Pasteur,200-2014-57652,2014-04-01
"Influenza [5, 6]",Fluzone,49281-0621-15,10 dose vial,$12.22 ,$16.15 ,2/28/2015,Sanofi Pasteur,200-2014-57652,2014-04-01
Influenza [5],Fluzone,49281-0014-50,10 pack – 1 dose syringe,$8.75 ,$12.49 ,2/28/2015,Sanofi Pasteur,200-2014-57652,2014-04-01
"Influenza [5, 6]",Fluzone,49281-0414-10,10 pack – 1 dose vial,$13.58 ,$17.97 ,2/28/2015,Sanofi Pasteur,200-2014-57652,2014-04-01
Influenza [5],Flucelvax,63851-0113-01,10 pack – 1 dose syringe,$9.76 ,$19.13 ,2/28/2015,Novartis,200-2014-57655,2014-04-01
"Influenza [5, 6]",Fluvirin,66521-0117-10,10 dose vial,$6.93 ,$13.63 ,2/28/2015,Novartis,200-2014-57655,2014-04-01
Influenza [5],Fluvirin,66521-0117-02,10 pack -1 dose syringe,$7.96 ,$14.81 ,2/28/2015,Novartis,200-2014-57655,2014-04-01
Influenza [5],Fluarix,58160-0901-52,10 pack- 1 dose,$12.03 ,$15.90 ,2/28/2015,GlaxoSmithKline,200-2014-57654,2014-04-01
"Influenza [5, 6]",FluLaval Quadrivalent,19515-0891-11,10 dose vial,$11.28 ,$14.90 ,2/28/2015,GlaxoSmithKline,200-2014-57654,2014-04-01
Influenza [5],Afluria,33332-0014-01,10 pack-1 dose,$7.29 ,$11.30 ,2/28/2015,CSL,200-2014-57653,2014-04-01
"Influenza [5, 6]",Afluria,33332-0114-10,10 dose vials-1 pack,$6.53 ,$10.55 ,2/28/2015,CSL,200-2014-57653,2014-04-01
"Influenza [5, 6]",Fluzone,49281-0394-15,10 dose vial,$7.75 ,$10.69 ,2/28/2015,Sanofi Pasteur,200-2014-57652,2014-07-01
"Influenza [5, 6]",Fluzone,49281-0621-15,10 dose vial,$12.22 ,$16.15 ,2/28/2015,Sanofi Pasteur,200-2014-57652,2014-07-01
Influenza [5],Fluzone,49281-0014-50,10 pack – 1 dose syringe,$8.75 ,$12.49 ,2/28/2015,Sanofi Pasteur,200-2014-57652,2014-07-01
"Influenza [5, 6]",Fluzone,49281-0414-10,10 pack – 1 dose vial,$13.58 ,$17.97 ,2/28/2015,Sanofi Pasteur,200-2014-57652,2014-07-01
Influenza [5],Flucelvax,62577-0613-01,10 pack – 1 dose syringe,$9.76 ,$19.13 ,2/28/2015,Novartis,200-2014-57655,2014-07-01
"Influenza [5, 6]",Fluvirin,66521-0117-10,10 dose vial,$6.93 ,$13.63 ,2/28/2015,Novartis,200-2014-57655,2014-07-01
Influenza [5],Fluvirin,66521-0117-02,10 pack -1 dose syringe,$7.96 ,$14.81 ,2/28/2015,Novartis,200-2014-57655,2014-07-01
Influenza [5],Fluarix,58160-0901-52,10 pack- 1 dose,$12.03 ,$15.90 ,2/28/2015,GlaxoSmithKline,200-2014-57654,2014-07-01
"Influenza [5, 6]",FluLaval Quadrivalent,19515-0891-11,10 dose vial,$11.28 ,$14.90 ,2/28/2015,GlaxoSmithKline,200-2014-57654,2014-07-01
Influenza [5],Afluria,33332-0014-01,10 pack-1 dose,$7.29 ,$11.30 ,2/28/2015,CSL,200-2014-57653,2014-07-01
"Influenza [5, 6]",Afluria,33332-0114-10,10 dose vials-1 pack,$6.53 ,$10.55 ,2/28/2015,CSL,200-2014-57653,2014-07-01
"Influenza [5, 6]",Fluzone,49281-0394-15,10 dose vial,$7.75 ,$10.69 ,2/28/2015,Sanofi Pasteur,200-2014-57652,2015-01-05
"Influenza [5, 6]",Fluzone,49281-0621-15,10 dose vial,$12.22 ,$16.15 ,2/28/2015,Sanofi Pasteur,200-2014-57652,2015-01-05
Influenza [5],Fluzone,49281-0014-50,10 pack – 1 dose syringe,$8.75 ,$12.49 ,2/28/2015,Sanofi Pasteur,200-2014-57652,2015-01-05
"Influenza [5, 6]",Fluzone,49281-0414-10,10 pack – 1 dose vial,$13.58 ,$17.97 ,2/28/2015,Sanofi Pasteur,200-2014-57652,2015-01-05
Influenza [5],Flucelvax,62577-0613-01,10 pack – 1 dose syringe,$9.76 ,$19.13 ,2/28/2015,Novartis,200-2014-57655,2015-01-05
"Influenza [5, 6]",Fluvirin,66521-0117-10,10 dose vial,$6.93 ,$13.63 ,2/28/2015,Novartis,200-2014-57655,2015-01-05
Influenza [5],Fluvirin,66521-0117-02,10 pack -1 dose syringe,$7.96 ,$14.81 ,2/28/2015,Novartis,200-2014-57655,2015-01-05
Influenza [5],Fluarix,58160-0901-52,10 pack- 1 dose,$12.03 ,$15.90 ,2/28/2015,GlaxoSmithKline,200-2014-57654,2015-01-05
"Influenza [5, 6]",FluLaval,19515-0891-11,10 dose vial,$11.28 ,$14.90 ,2/28/2015,GlaxoSmithKline,200-2014-57654,2015-01-05
Influenza [5],Afluria,33332-0014-01,10 pack-1 dose,$7.29 ,$11.30 ,2/28/2015,CSL,200-2014-57653,2015-01-05
"Influenza [5, 6]",Afluria,33332-0114-10,10 dose vials-1 pack,$6.53 ,$10.55 ,2/28/2015,CSL,200-2014-57653,2015-01-05
Influenza [5],Fluzone,49281-0396-15,10 dose vial,$7.75 ,$10.69 ,2/28/2016,Sanofi Pasteur,200-2015-61391,2015-04-01
Influenza [5],Fluzone,49281-0623-15,10 dose vial,$12.22 ,$16.15 ,2/28/2016,Sanofi Pasteur,200-2015-61391,2015-04-01
Influenza [5],Fluzone,49281-0415-10,10 pack – 1 dose vial,$13.58 ,$17.97 ,2/28/2016,Sanofi Pasteur,200-2015-61391,2015-04-01
Influenza [5],Flucelvax,62577-0614-01,10 pack – 1 dose syringe,$7.96 ,$19.68 ,2/28/2016,Novartis,200-2015-61394,2015-04-01
Influenza [5],Fluvirin,66521-0118-10,10 dose vial,$6.93 ,$14.01 ,2/28/2016,Novartis,200-2015-61394,2015-04-01
Influenza [5],Fluvirin,66521-0118-02,10 pack -1 dose syringe,$7.96 ,$15.23 ,2/28/2016,Novartis,200-2015-61394,2015-04-01
Influenza [5],Fluarix,58160-0903-52,10 pack- 1 dose,$12.15 ,$16.05 ,2/28/2016,GlaxoSmithKline,200-2015-61393,2015-04-01
Influenza [5],FluLaval Quadrivalent,19515-0898-11,10 dose vial,$11.40 ,$15.05 ,2/28/2016,GlaxoSmithKline,200-2015-61393,2015-04-01
Influenza [5],Afluria,33332-0015-01,10 pack-1 dose,$7.41 ,$12.30 ,2/28/2016,CSL,200-2015-61392,2015-04-01
Influenza [5],Afluria,33332-0115-10,10 dose vials-1 pack,$6.64 ,$11.55 ,2/28/2016,CSL,200-2015-61392,2015-04-01
Influenza [5],Flublok No Preservative,TBA,10 pack – 1 dose vial,$25.07 ,$32.75 ,2/28/2016,Protein Sciences,200-2015-61395,2015-04-01
Influenza [5],Fluzone,49281-0396-15,10 dose vial,$7.75 ,$10.69 ,2/28/2016,Sanofi Pasteur,200-2015-61391,2015-07-01
Influenza [5],Fluzone,49281-0623-15,10 dose vial,$12.22 ,$16.15 ,2/28/2016,Sanofi Pasteur,200-2015-61391,2015-07-01
Influenza [5],Fluzone,49281-0415-10,10 pack – 1 dose vial,$13.58 ,$17.97 ,2/28/2016,Sanofi Pasteur,200-2015-61391,2015-07-01
Influenza [5],Flucelvax,62577-0614-01,10 pack – 1 dose syringe,$7.96 ,$19.68 ,2/28/2016,Novartis,200-2015-61394,2015-07-01
Influenza [5],Fluvirin,66521-0118-10,10 dose vial,$6.93 ,$14.01 ,2/28/2016,Novartis,200-2015-61394,2015-07-01
Influenza [5],Fluvirin,66521-0118-02,10 pack -1 dose syringe,$7.96 ,$15.23 ,2/28/2016,Novartis,200-2015-61394,2015-07-01
Influenza [5],Fluarix,58160-0903-52,10 pack- 1 dose,$12.15 ,$16.05 ,2/28/2016,GlaxoSmithKline,200-2015-61393,2015-07-01
Influenza [5],FluLaval Quadrivalent,19515-0898-11,10 dose vial,$11.40 ,$15.05 ,2/28/2016,GlaxoSmithKline,200-2015-61393,2015-07-01
Influenza [5],Afluria,33332-0015-01,10 pack-1 dose,$7.41 ,$12.30 ,2/28/2016,CSL,200-2015-61392,2015-07-01
Influenza [5],Afluria,33332-0115-10,10 dose vials-1 pack,$6.64 ,$11.55 ,2/28/2016,CSL,200-2015-61392,2015-07-01
Influenza [5],Flublok No Preservative,42874-0015-10,10 pack – 1 dose vial,$25.07 ,$32.75 ,2/28/2016,Protein Sciences,200-2015-61395,2015-07-01
Influenza [5],Fluzone,49281-0396-15,10 dose vial,$7.75 ,$10.69 ,2/28/2016,Sanofi Pasteur,200-2015-61391,2015-11-05
Influenza [5],Fluzone,49281-0623-15,10 dose vial,$12.22 ,$16.15 ,2/28/2016,Sanofi Pasteur,200-2015-61391,2015-11-05
Influenza [5],Fluzone,49281-0415-10,10 pack – 1 dose vial,$13.58 ,$17.97 ,2/28/2016,Sanofi Pasteur,200-2015-61391,2015-11-05
Influenza [5],Flucelvax,62577-0614-01,10 pack – 1 dose syringe,$7.96 ,$19.68 ,2/28/2016,Novartis,200-2015-61394,2015-11-05
Influenza [5],Fluvirin,66521-0118-10,10 dose vial,$6.93 ,$14.01 ,2/28/2016,Novartis,200-2015-61394,2015-11-05
Influenza [5],Fluvirin,66521-0118-02,10 pack -1 dose syringe,$7.96 ,$15.23 ,2/28/2016,Novartis,200-2015-61394,2015-11-05
Influenza [5],Fluarix,58160-0903-52,10 pack- 1 dose,$12.15 ,$16.05 ,2/28/2016,GlaxoSmithKline,200-2015-61393,2015-11-05
Influenza [5],FluLaval Quadrivalent,19515-0898-11,10 dose vial,$11.40 ,$15.05 ,2/28/2016,GlaxoSmithKline,200-2015-61393,2015-11-05
Influenza [5],Afluria,33332-0015-01,10 pack-1 dose,$7.41 ,$12.30 ,2/28/2016,bioCSL,200-2015-61392,2015-11-05
Influenza [5],Afluria,33332-0115-10,10 dose vials-1 pack,$6.64 ,$11.55 ,2/28/2016,bioCSL,200-2015-61392,2015-11-05
Influenza [5],Flublok No Preservative,42874-0015-10,10 pack – 1 dose vial,$25.07 ,$32.75 ,2/28/2016,Protein Sciences,200-2015-61395,2015-11-05
Influenza [5],Fluzone,49281-0396-15,10 dose vial,$7.75 ,$10.69 ,2/28/2016,Sanofi Pasteur,200-2015-61391,2016-01-01
Influenza [5],Fluzone,49281-0623-15,10 dose vial,$12.22 ,$16.15 ,2/28/2016,Sanofi Pasteur,200-2015-61391,2016-01-01
Influenza [5],Fluzone,49281-0415-10,10 pack – 1 dose vial,$13.58 ,$17.97 ,2/28/2016,Sanofi Pasteur,200-2015-61391,2016-01-01
Influenza [5],Flucelvax,62577-0614-01,10 pack – 1 dose syringe,$7.96 ,$19.68 ,2/28/2016,Novartis,200-2015-61394,2016-01-01
Influenza [5],Fluvirin,66521-0118-10,10 dose vial,$6.93 ,$14.01 ,2/28/2016,Novartis,200-2015-61394,2016-01-01
Influenza [5],Fluvirin,66521-0118-02,10 pack -1 dose syringe,$7.96 ,$15.23 ,2/28/2016,Novartis,200-2015-61394,2016-01-01
Influenza [5],Fluarix,58160-0903-52,10 pack- 1 dose,$12.15 ,$16.05 ,2/28/2016,GlaxoSmithKline,200-2015-61393,2016-01-01
Influenza [5],FluLaval ,19515-0898-11,10 dose vial,$11.40 ,$15.05 ,2/28/2016,GlaxoSmithKline,200-2015-61393,2016-01-01
Influenza [5],Afluria,33332-0015-01,10 pack-1 dose,$7.41 ,$12.30 ,2/28/2016,bioCSL,200-2015-61392,2016-01-01
Influenza [5],Afluria,33332-0115-10,10 dose vials-1 pack,$6.64 ,$11.55 ,2/28/2016,bioCSL,200-2015-61392,2016-01-01
Influenza [5],Flublok No Preservative,42874-0015-10,10 pack – 1 dose vial,$25.07 ,$32.75 ,2/28/2016,Protein Sciences,200-2015-61395,2016-01-01
Influenza [5],Fluzone,49281-0625-15,10 dose vial,$12.56 ,$16.62 ,2/28/2017,Sanofi Pasteur,200-2016-88482,2016-04-04
Influenza [5],Fluzone,49281-0416-10,10 pack – 1 dose vial,$13.96 ,$18.49 ,2/28/2017,Sanofi Pasteur,200-2016-88482,2016-04-04
Influenza [5],Fluvirin,70461-0119-10,10 dose vial,$7.24 ,$14.41 ,2/28/2017,Novartis,200-2016-88480,2016-04-04
Influenza [5],Fluarix,58160-0905-52,10 pack- 1 dose syringe,$12.72 ,$16.82 ,2/28/2017,GlaxoSmithKline,200-2016-88479,2016-04-04
Influenza [5],FluLaval Quadrivalent,19515-0903-11,10 dose vial,$11.76 ,$15.77 ,2/28/2017,GlaxoSmithKline,200-2016-88479,2016-04-04
Influenza [5],Afluria,33332-0016-01,10 pack-1 dose,$7.99 ,$15.67 ,2/28/2017,bioCSL,200-2016-88478,2016-04-04
Influenza [5],Afluria,33332-0116-10,10 dose vial,$7.24 ,$14.41 ,2/28/2017,bioCSL,200-2016-88478,2016-04-04
Influenza [5],Flublok No Preservative,42874-0016-10,10 pack – 1 dose vial,$25.07 ,$35.75 ,2/28/2017,Protein Sciences,200-2016-88481,2016-04-04
Influenza [5],Fluzone,49281-0625-15,10 dose vial,$12.56 ,$16.62 ,2/28/2017,Sanofi Pasteur,200-2016-88482,2016-08-01
Influenza [5],Fluzone,49281-0416-10,10 pack – 1 dose vial,$13.96 ,$18.49 ,2/28/2017,Sanofi Pasteur,200-2016-88482,2016-08-01
Influenza [5],Fluvirin,70461-0119-10,10 dose vial,$7.24 ,$14.41 ,2/28/2017,Novartis,200-2016-88480,2016-08-01
Influenza [5],Fluarix,58160-0905-52,10 pack- 1 dose syringe,$12.72 ,$16.82 ,2/28/2017,GlaxoSmithKline,200-2016-88479,2016-08-01
Influenza [5],FluLaval Quadrivalent,19515-0903-11,10 dose vial,$11.76 ,$15.77 ,2/28/2017,GlaxoSmithKline,200-2016-88479,2016-08-01
Influenza [5],Afluria,33332-0016-01,10 pack-1 dose,$7.99 ,$15.67 ,2/28/2017,bioCSL,200-2016-88478,2016-08-01
Influenza [5],Afluria,33332-0116-10,10 dose vial,$7.24 ,$14.41 ,2/28/2017,bioCSL,200-2016-88478,2016-08-01
Influenza [5],Flublok No Preservative,42874-0016-10,10 pack – 1 dose vial,$25.07 ,$35.75 ,2/28/2017,Protein Sciences,200-2016-88481,2016-08-01
Influenza [5],Fluzone,49281-0625-15,10 dose vial,$12.56 ,$16.62 ,2/28/2017,Sanofi Pasteur,200-2016-88482,2016-10-20
Influenza [5],Fluzone,49281-0416-10,10 pack – 1 dose vial,$13.96 ,$18.49 ,2/28/2017,Sanofi Pasteur,200-2016-88482,2016-10-20
Influenza [5],Fluvirin,70461-0119-10,10 dose vial,$7.24 ,$14.41 ,2/28/2017,Novartis,200-2016-88480,2016-10-20
Influenza [5],Fluarix,58160-0905-52,10 pack- 1 dose syringe,$12.72 ,$16.82 ,2/28/2017,GlaxoSmithKline,200-2016-88479,2016-10-20
Influenza [5],FluLaval Quadrivalent,19515-0903-11,10 dose vial,$11.76 ,$15.77 ,2/28/2017,GlaxoSmithKline,200-2016-88479,2016-10-20
Influenza [5],Afluria,33332-0016-01,10 pack-1 dose,$7.99 ,$15.67 ,2/28/2017,bioCSL,200-2016-88478,2016-10-20
Influenza [5],Afluria,33332-0116-10,10 dose vial,$7.24 ,$14.41 ,2/28/2017,bioCSL,200-2016-88478,2016-10-20
Influenza [5],Flublok No Preservative,42874-0016-10,10 pack – 1 dose vial,$25.07 ,$35.75 ,2/28/2017,Protein Sciences,200-2016-88481,2016-10-20
Influenza [5],Fluzone,49281-0625-15,10 dose vial,$12.56 ,$16.62 ,2/28/2017,Sanofi Pasteur,200-2016-88482,2017-01-03
Influenza [5],Fluzone,49281-0416-10,10 pack – 1 dose vial,$13.96 ,$18.49 ,2/28/2017,Sanofi Pasteur,200-2016-88482,2017-01-03
Influenza [5],Fluvirin,70461-0119-10,10 dose vial,$7.24 ,$14.41 ,2/28/2017,Novartis,200-2016-88480,2017-01-03
Influenza [5],Fluarix,58160-0905-52,10 pack- 1 dose syringe,$12.72 ,$16.82 ,2/28/2017,GlaxoSmithKline,200-2016-88479,2017-01-03
Influenza [5],FluLaval ,19515-0903-11,10 dose vial,$11.76 ,$15.77 ,2/28/2017,GlaxoSmithKline,200-2016-88479,2017-01-03
Influenza [5],Afluria,33332-0016-01,10 pack-1 dose,$7.99 ,$15.67 ,2/28/2017,"Seqirus USA, Inc",200-2016-88478,2017-01-03
Influenza [5],Afluria,33332-0116-10,10 dose vial,$7.24 ,$14.41 ,2/28/2017,"Seqirus USA, Inc",200-2016-88478,2017-01-03
Influenza [5],Flublok ,42874-0016-10,10 pack – 1 dose vial,$25.07 ,$35.75 ,2/28/2017,Protein Sciences,200-2016-88481,2017-01-03
Influenza [5],Fluzone,49281-0627-15,10 dose vial,$12.57 ,$16.62 ,2/28/2018,Sanofi Pasteur,200-2017-92733,2017-04-03
Influenza [5],Fluzone,49281-0417-10,10 pack – 1 dose vial,$13.58 ,$17.97 ,2/28/2018,Sanofi Pasteur,200-2017-92733,2017-04-03
Influenza [5],Fluarix,58160-0907-52,10 pack- 1 dose syringe,$12.72 ,$16.82 ,2/28/2018,GlaxoSmithKline,200-2017-92732,2017-04-03
Influenza [5],FluLaval,19515-0896-11,10 dose vial,$11.94 ,$15.77 ,2/28/2018,GlaxoSmithKline,200-2017-92732,2017-04-03
Influenza [5],Afluria,33332-0017-01,10 pack-1 dose,$9.99 ,$17.01 ,2/28/2018,"Seqirus USA, Inc",200-2017-92734,2017-04-03
Influenza [5],Fluvirin,70461-0120-10,10 dose vial,$9.50 ,$15.64 ,2/28/2018,"Seqirus USA, Inc",200-2017-92734,2017-04-03
Influenza [5],Flucelvax Quadrivalent,70461-0201-01,10 pack – 1 dose syringe,$13.80 ,$21.22 ,2/28/2018,"Seqirus USA, Inc",200-2017-92734,2017-04-03
Influenza [5],Afluria,33332-0317-01,10 pack – 1 dose syringe,$12.68 ,$17.61 ,2/28/2018,"Seqirus USA, Inc",200-2017-92734,2017-04-03
Influenza [5],Fluzone,49281-0627-15,10 dose vial,$12.57 ,$16.62 ,2/28/2018,Sanofi Pasteur,200-2017-92733,2017-07-03
Influenza [5],Fluzone,49281-0417-10,10 pack – 1 dose vial,$13.58 ,$17.97 ,2/28/2018,Sanofi Pasteur,200-2017-92733,2017-07-03
Influenza [5],Fluarix,58160-0907-52,10 pack- 1 dose syringe,$12.72 ,$16.82 ,2/28/2018,GlaxoSmithKline,200-2017-92732,2017-07-03
Influenza [5],FluLaval,19515-0896-11,10 dose vial,$11.94 ,$15.77 ,2/28/2018,GlaxoSmithKline,200-2017-92732,2017-07-03
Influenza [5],Afluria,33332-0017-01,10 pack-1 dose,$9.99 ,$17.01 ,2/28/2018,"Seqirus USA, Inc",200-2017-92734,2017-07-03
Influenza [5],Fluvirin,70461-0120-10,10 dose vial,$9.50 ,$15.64 ,2/28/2018,"Seqirus USA, Inc",200-2017-92734,2017-07-03
Influenza [5],Flucelvax Quadrivalent,70461-0201-01,10 pack – 1 dose syringe,$13.80 ,$21.22 ,2/28/2018,"Seqirus USA, Inc",200-2017-92734,2017-07-03
Influenza [5],Afluria,33332-0317-01,10 pack – 1 dose syringe,$12.68 ,$17.61 ,2/28/2018,"Seqirus USA, Inc",200-2017-92734,2017-07-03
Influenza [5],Fluzone,49281-0627-15,10 dose vial,$12.57 ,$16.62 ,2/28/2018,Sanofi Pasteur,200-2017-92733,2017-09-01
Influenza [5],Fluzone,49281-0417-10,10 pack – 1 dose vial,$13.58 ,$17.97 ,2/28/2018,Sanofi Pasteur,200-2017-92733,2017-09-01
Influenza [5],Fluarix,58160-0907-52,10 pack- 1 dose syringe,$12.72 ,$16.82 ,2/28/2018,GlaxoSmithKline,200-2017-92732,2017-09-01
Influenza [5],FluLaval,19515-0896-11,10 dose vial,$11.94 ,$15.77 ,2/28/2018,GlaxoSmithKline,200-2017-92732,2017-09-01
Influenza [5],Afluria,33332-0017-01,10 pack-1 dose,$9.99 ,$17.01 ,2/28/2018,"Seqirus USA, Inc",200-2017-92734,2017-09-01
Influenza [5],Fluvirin,70461-0120-10,10 dose vial,$9.50 ,$15.64 ,2/28/2018,"Seqirus USA, Inc",200-2017-92734,2017-09-01
Influenza [5],Flucelvax Quadrivalent,70461-0201-01,10 pack – 1 dose syringe,$13.80 ,$21.22 ,2/28/2018,"Seqirus USA, Inc",200-2017-92734,2017-09-01
Influenza [5],Afluria,33332-0317-01,10 pack – 1 dose syringe,$12.68 ,$17.61 ,2/28/2018,"Seqirus USA, Inc",200-2017-92734,2017-09-01
Influenza [5],Fluzone,49281-0627-15,10 dose vial,$12.57 ,$16.62 ,2/28/2018,Sanofi Pasteur,200-2017-92733,2018-01-01
Influenza [5],Fluzone,49281-0417-10,10 pack – 1 dose vial,$13.58 ,$17.97 ,2/28/2018,Sanofi Pasteur,200-2017-92733,2018-01-01
Influenza [5],Fluarix,58160-0907-52,10 pack- 1 dose syringe,$12.72 ,$16.82 ,2/28/2018,GlaxoSmithKline,200-2017-92732,2018-01-01
Influenza [5],FluLaval,19515-0896-11,10 dose vial,$11.94 ,$15.77 ,2/28/2018,GlaxoSmithKline,200-2017-92732,2018-01-01
Influenza [5],Afluria,33332-0017-01,10 pack-1 dose,$9.99 ,$17.01 ,2/28/2018,"Seqirus USA, Inc",200-2017-92734,2018-01-01
Influenza [5],Fluvirin,70461-0120-10,10 dose vial,$9.50 ,$15.64 ,2/28/2018,"Seqirus USA, Inc",200-2017-92734,2018-01-01
Influenza [5],Flucelvax ,70461-0201-01,10 pack – 1 dose syringe,$13.80 ,$21.22 ,2/28/2018,"Seqirus USA, Inc",200-2017-92734,2018-01-01
Influenza [5],Afluria,33332-0317-01,10 pack – 1 dose syringe,$12.68 ,$17.61 ,2/28/2018,"Seqirus USA, Inc",200-2017-92734,2018-01-01
Influenza [5],Fluzone,49281-0629-15,10 dose vial,$12.57 ,$16.62 ,2/28/2019,Sanofi Pasteur,200-2018-00010,2018-04-01
Influenza [5],Fluzone,49281-0418-10,10 pack – 1 dose vial,$13.58 ,$17.97 ,2/28/2019,Sanofi Pasteur,200-2018-00010,2018-04-01
Influenza [5],Fluarix,58160-0898-52,10 pack- 1 dose syringe,$12.22 ,$15.77 ,2/28/2019,GlaxoSmithKline,200-2018-00009,2018-04-01
Influenza [5],FluLaval,19515-0909-52,10 pack- 1 dose syringe,$12.22 ,$16.82 ,2/28/2019,GlaxoSmithKline,200-2018-00009,2018-04-01
Influenza [5],Flucelvax Quadrivalent,70461-0318-03,10 pack – 1 dose syringe,$12.13 ,$21.22 ,2/28/2019,"Seqirus USA, Inc",200-2018-00011,2018-04-01
Influenza [5],Afluria,33332-0318-01,10 pack – 1 dose syringe,$12.13 ,$17.97 ,2/28/2019,"Seqirus USA, Inc",200-2018-00011,2018-04-01
Influenza [5],Fluzone,49281-0629-15,10 dose vial,$12.57 ,$16.62 ,2/28/2019,Sanofi Pasteur,200-2018-00010,2018-07-02
Influenza [5],Fluzone,49281-0418-10,10 pack – 1 dose vial,$13.58 ,$17.97 ,2/28/2019,Sanofi Pasteur,200-2018-00010,2018-07-02
Influenza [5],Fluarix,58160-0898-52,10 pack- 1 dose syringe,$12.22 ,$15.77 ,2/28/2019,GlaxoSmithKline,200-2018-00009,2018-07-02
Influenza [5],FluLaval,19515-0909-52,10 pack- 1 dose syringe,$12.22 ,$16.82 ,2/28/2019,GlaxoSmithKline,200-2018-00009,2018-07-02
Influenza [5],Flucelvax Quadrivalent,70461-0318-03,10 pack – 1 dose syringe,$12.13 ,$21.22 ,2/28/2019,"Seqirus USA, Inc",200-2018-00011,2018-07-02
Influenza [5],Afluria,33332-0318-01,10 pack – 1 dose syringe,$12.13 ,$17.97 ,2/28/2019,"Seqirus USA, Inc",200-2018-00011,2018-07-02
Influenza [5],Fluzone,49281-0629-15,10 dose vial,$12.57 ,$16.62 ,2/28/2019,Sanofi Pasteur,200-2018-00010,2018-11-01
Influenza [5],Fluzone,49281-0418-10,10 pack – 1 dose vial,$13.58 ,$17.97 ,2/28/2019,Sanofi Pasteur,200-2018-00010,2018-11-01
Influenza [5],Fluarix,58160-0898-52,10 pack- 1 dose syringe,$12.22 ,$16.82 ,2/28/2019,GlaxoSmithKline,200-2018-00009,2018-11-01
Influenza [5],FluLaval,19515-0909-52,10 pack- 1 dose syringe,$12.22 ,$16.82 ,2/28/2019,GlaxoSmithKline,200-2018-00009,2018-11-01
Influenza [5],Flucelvax Quadrivalent,70461-0318-03,10 pack – 1 dose syringe,$12.13 ,$21.22 ,2/28/2019,"Seqirus USA, Inc",200-2018-00011,2018-11-01
Influenza [5],Afluria,33332-0318-01,10 pack – 1 dose syringe,$12.13 ,$17.97 ,2/28/2019,"Seqirus USA, Inc",200-2018-00011,2018-11-01
Influenza [5],Fluzone,49281-0629-15,10 dose vial,$12.57 ,$16.62 ,2/28/2019,Sanofi Pasteur,200-2018-00010,2019-01-02
Influenza [5],Fluzone,49281-0418-10,10 pack – 1 dose vial,$13.58 ,$17.97 ,2/28/2019,Sanofi Pasteur,200-2018-00010,2019-01-02
Influenza [5],Fluarix,58160-0898-52,10 pack- 1 dose syringe,$12.22 ,$16.82 ,2/28/2019,GlaxoSmithKline,200-2018-00009,2019-01-02
Influenza [5],FluLaval,19515-0909-52,10 pack- 1 dose syringe,$12.22 ,$16.82 ,2/28/2019,GlaxoSmithKline,200-2018-00009,2019-01-02
Influenza [5],Flucelvax ,70461-0318-03,10 pack – 1 dose syringe,$12.13 ,$21.22 ,2/28/2019,"Seqirus USA, Inc",200-2018-00011,2019-01-02
Influenza [5],Afluria,33332-0318-01,10 pack – 1 dose syringe,$12.13 ,$17.97 ,2/28/2019,"Seqirus USA, Inc",200-2018-00011,2019-01-02
Influenza [5],Fluzone,49281-0631-15,10 dose vial,$12.81 ,$16.94 ,2/28/2020,Sanofi Pasteur,75D30119D03773,2019-04-01
Influenza [5],Fluzone,49281-0419-10,10 pack – 1 dose vial,$13.83 ,$19.63 ,2/28/2020,Sanofi Pasteur,75D30119D03773,2019-04-01
Influenza [5],Fluarix,58160-0896-52,10 pack- 1 dose syringe,$12.22 ,$16.82 ,2/28/2020,GlaxoSmithKline,75D30119D03771,2019-04-01
Influenza [5],FluLaval,19515-0906-52,10 pack- 1 dose syringe,$12.22 ,$16.82 ,2/28/2020,GlaxoSmithKline,75D30119D03771,2019-04-01
Influenza [5],Flucelvax Quadrivalent,70461-0319-03,10 pack – 1 dose syringe,$15.55 ,$24.05 ,2/28/2020,"Seqirus USA, Inc",75D30119D03772,2019-04-01
Influenza [5],Afluria,33332-0319-01,10 pack – 1 dose syringe,$12.13 ,$17.22 ,2/28/2020,"Seqirus USA, Inc",75D30119D03772,2019-04-01
Influenza [5],Afluria,33332-0419-10,10 dose vial,$11.35 ,$15.87 ,2/28/2020,"Seqirus USA, Inc",75D30119D03772,2019-04-01
Influenza [5],Fluzone,49281-0631-15,10 dose vial,$12.81 ,$16.94 ,2/28/2020,Sanofi Pasteur,75D30119D03773,2019-07-01
Influenza [5],Fluzone,49281-0419-10,10 pack – 1 dose vial,$13.83 ,$19.63 ,2/28/2020,Sanofi Pasteur,75D30119D03773,2019-07-01
Influenza [5],Fluarix,58160-0896-52,10 pack- 1 dose syringe,$12.22 ,$16.82 ,2/28/2020,GlaxoSmithKline,75D30119D03771,2019-07-01
Influenza [5],FluLaval,19515-0906-52,10 pack- 1 dose syringe,$12.22 ,$16.82 ,2/28/2020,GlaxoSmithKline,75D30119D03771,2019-07-01
Influenza [5],Flucelvax Quadrivalent,70461-0319-03,10 pack – 1 dose syringe,$15.55 ,$24.05 ,2/28/2020,"Seqirus USA, Inc",75D30119D03772,2019-07-01
Influenza [5],Afluria,33332-0319-01,10 pack – 1 dose syringe,$12.13 ,$17.22 ,2/28/2020,"Seqirus USA, Inc",75D30119D03772,2019-07-01
Influenza [5],Afluria,33332-0419-10,10 dose vial,$11.35 ,$15.87 ,2/28/2020,"Seqirus USA, Inc",75D30119D03772,2019-07-01
Influenza [5],Fluzone,49281-0631-15,10 dose vial,$12.81 ,$16.94 ,2/28/2020,Sanofi Pasteur,75D30119D03773,2019-09-01
Influenza [5],Fluzone,49281-0419-10,10 pack – 1 dose vial,$13.83 ,$18.31 ,2/28/2020,Sanofi Pasteur,75D30119D03773,2019-09-01
Influenza [5],Fluarix,58160-0896-52,10 pack- 1 dose syringe,$12.22 ,$16.82 ,2/28/2020,GlaxoSmithKline,75D30119D03771,2019-09-01
Influenza [5],FluLaval,19515-0906-52,10 pack- 1 dose syringe,$12.22 ,$16.82 ,2/28/2020,GlaxoSmithKline,75D30119D03771,2019-09-01
Influenza [5],Flucelvax Quadrivalent,70461-0319-03,10 pack – 1 dose syringe,$15.55 ,$24.05 ,2/28/2020,"Seqirus USA, Inc",75D30119D03772,2019-09-01
Influenza [5],Afluria,33332-0319-01,10 pack – 1 dose syringe,$12.13 ,$17.22 ,2/28/2020,"Seqirus USA, Inc",75D30119D03772,2019-09-01
Influenza [5],Afluria,33332-0419-10,10 dose vial,$11.35 ,$15.87 ,2/28/2020,"Seqirus USA, Inc",75D30119D03772,2019-09-01
Influenza [5],Fluzone,49281-0631-15,10 dose vial,$12.81 ,$16.94 ,2/28/2020,Sanofi Pasteur,75D30119D03773,2020-01-01
Influenza [5],Fluzone,49281-0419-10,10 pack – 1 dose vial,$13.83 ,$18.31 ,2/28/2020,Sanofi Pasteur,75D30119D03773,2020-01-01
Influenza [5],Fluarix,58160-0896-52,10 pack- 1 dose syringe,$12.22 ,$16.82 ,2/28/2020,GlaxoSmithKline,75D30119D03771,2020-01-01
Influenza [5],FluLaval,19515-0906-52,10 pack- 1 dose syringe,$12.22 ,$16.82 ,2/28/2020,GlaxoSmithKline,75D30119D03771,2020-01-01
Influenza [5],Flucelvax ,70461-0319-03,10 pack – 1 dose syringe,$15.55 ,$24.05 ,2/28/2020,"Seqirus USA, Inc",75D30119D03772,2020-01-01
Influenza [5],Afluria,33332-0319-01,10 pack – 1 dose syringe,$12.13 ,$17.22 ,2/28/2020,"Seqirus USA, Inc",75D30119D03772,2020-01-01
Influenza [5],Afluria,33332-0419-10,10 dose vial,$11.35 ,$15.87 ,2/28/2020,"Seqirus USA, Inc",75D30119D03772,2020-01-01
Influenza [5],Fluzone,49281-0633-15,10 dose vial,$12.81 ,$16.94 ,2/28/2021,Sanofi Pasteur,75D30120D07114,2020-04-01
Influenza [5],Fluzone,49281-0420-10,10 pack – 1 dose vial,$13.71 ,$18.14 ,2/28/2021,Sanofi Pasteur,75D30120D07114,2020-04-01
Influenza [5],Fluarix,58160-0885-52,10 pack- 1 dose syringe,$12.45 ,$17.30 ,2/28/2021,GlaxoSmithKline,75D30120D07110,2020-04-01
Influenza [5],FluLaval,19515-0816-52,10 pack- 1 dose syringe,$12.45 ,$17.30 ,2/28/2021,GlaxoSmithKline,75D30120D07110,2020-04-01
Influenza [5],Flucelvax Quadrivalent,70461-0320-03,10 pack – 1 dose syringe,$15.45 ,$32.47 ,2/28/2021,"Seqirus USA, Inc",75D30120D07116,2020-04-01
Influenza [5],Afluria,33332-0320-01,10 pack – 1 dose syringe,$12.48 ,$22.24 ,2/28/2021,"Seqirus USA, Inc",75D30120D07116,2020-04-01
Influenza [5],Afluria,33332-0420-10,10 dose vial,$11.67 ,$20.56 ,2/28/2021,"Seqirus USA, Inc",75D30120D07116,2020-04-01
Influenza [5],FluMist,66019-0307-10,10 pack- 1 dose sprayer (Intranasal),$18.19 ,$23.70 ,2/28/2021,AstraZeneca,75D30120D07112,2020-04-01
Influenza [5],Fluzone,49281-0633-15,10 dose vial,$12.81 ,$16.94 ,2/28/2021,Sanofi Pasteur,75D30120D07114,2020-07-01
Influenza [5],Fluzone,49281-0420-10,10 pack – 1 dose vial,$13.71 ,$18.14 ,2/28/2021,Sanofi Pasteur,75D30120D07114,2020-07-01
Influenza [5],Fluarix,58160-0885-52,10 pack- 1 dose syringe,$12.45 ,$17.30 ,2/28/2021,GlaxoSmithKline,75D30120D07110,2020-07-01
Influenza [5],FluLaval,19515-0816-52,10 pack- 1 dose syringe,$12.45 ,$17.30 ,2/28/2021,GlaxoSmithKline,75D30120D07110,2020-07-01
Influenza [5],Flucelvax Quadrivalent,70461-0320-03,10 pack – 1 dose syringe,$15.45 ,$25.76 ,2/28/2021,"Seqirus USA, Inc",75D30120D07116,2020-07-01
Influenza [5],Afluria,33332-0320-01,10 pack – 1 dose syringe,$12.48 ,$18.66 ,2/28/2021,"Seqirus USA, Inc",75D30120D07116,2020-07-01
Influenza [5],Afluria,33332-0420-10,10 dose vial,$11.67 ,$17.26 ,2/28/2021,"Seqirus USA, Inc",75D30120D07116,2020-07-01
Influenza [5],FluMist,66019-0307-10,10 pack- 1 dose sprayer (Intranasal),$18.19 ,$23.70 ,2/28/2021,AstraZeneca,75D30120D07112,2020-07-01
Influenza [5],Fluzone,49281-0633-15,10 dose vial,$12.81 ,$16.94 ,2/28/2021,Sanofi Pasteur,75D30120D07114,2020-09-01
Influenza [5],Fluzone,49281-0420-10,10 pack – 1 dose vial,$13.71 ,$18.14 ,2/28/2021,Sanofi Pasteur,75D30120D07114,2020-09-01
Influenza [5],Fluarix,58160-0885-52,10 pack- 1 dose syringe,$12.45 ,$17.30 ,2/28/2021,GlaxoSmithKline,75D30120D07110,2020-09-01
Influenza [5],FluLaval,19515-0816-52,10 pack- 1 dose syringe,$12.45 ,$17.30 ,2/28/2021,GlaxoSmithKline,75D30120D07110,2020-09-01
Influenza [5],Flucelvax Quadrivalent,70461-0320-03,10 pack – 1 dose syringe,$15.33 ,$25.76 ,2/28/2021,"Seqirus USA, Inc",75D30120D07116,2020-09-01
Influenza [5],Afluria,33332-0320-01,10 pack – 1 dose syringe,$12.48 ,$18.66 ,2/28/2021,"Seqirus USA, Inc",75D30120D07116,2020-09-01
Influenza [5],Afluria,33332-0420-10,10 dose vial,$11.67 ,$17.26 ,2/28/2021,"Seqirus USA, Inc",75D30120D07116,2020-09-01
Influenza [5],FluMist,66019-0307-10,10 pack- 1 dose sprayer (Intranasal),$16.45 ,$23.70 ,2/28/2021,AstraZeneca,75D30120D07112,2020-09-01
Influenza [5],Fluzone,49281-0633-15,10 dose vial,$12.81 ,$16.94 ,2/28/2021,Sanofi Pasteur,75D30120D07114,2021-01-01
Influenza [5],Fluzone,49281-0420-10,10 pack – 1 dose vial,$13.71 ,$18.14 ,2/28/2021,Sanofi Pasteur,75D30120D07114,2021-01-01
Influenza [5],Fluarix,58160-0885-52,10 pack- 1 dose syringe,$12.45 ,$17.30 ,2/28/2021,GlaxoSmithKline,75D30120D07110,2021-01-01
Influenza [5],FluLaval,19515-0816-52,10 pack- 1 dose syringe,$12.45 ,$17.30 ,2/28/2021,GlaxoSmithKline,75D30120D07110,2021-01-01
Influenza [5],Flucelvax ,70461-0320-03,10 pack – 1 dose syringe,$15.33 ,$25.76 ,2/28/2021,"Seqirus USA, Inc",75D30120D07116,2021-01-01
Influenza [5],Afluria,33332-0320-01,10 pack – 1 dose syringe,$12.48 ,$18.66 ,2/28/2021,"Seqirus USA, Inc",75D30120D07116,2021-01-01
Influenza [5],Afluria,33332-0420-10,10 dose vial,$11.67 ,$17.26 ,2/28/2021,"Seqirus USA, Inc",75D30120D07116,2021-01-01
Influenza [5],FluMist,66019-0307-10,10 pack- 1 dose sprayer (Intranasal),$16.45 ,$23.70 ,2/28/2021,AstraZeneca,75D30120D07112,2021-01-01
Influenza [5],Fluzone,49281-0635-15,10 dose vial,$13.29 ,$17.59 ,2/28/2022,Sanofi Pasteur,75D30121D10190,2021-04-01
Influenza [5],Fluzone,49281-0421-10,10 pack – 1 dose vial,$14.22 ,$18.84 ,2/28/2022,Sanofi Pasteur,75D30121D10190,2021-04-01
Influenza [5],Fluarix,58160-0887-52,10 pack- 1 dose syringe,$13.04 ,$18.13 ,2/28/2022,GlaxoSmithKline,75D30121D10196,2021-04-01
Influenza [5],FluLaval,19515-0818-52,10 pack- 1 dose syringe,$13.04 ,$18.13 ,2/28/2022,GlaxoSmithKline,75D30121D10196,2021-04-01
Influenza [5],Flucelvax Quadrivalent,70461-0321-03,10 pack – 1 dose syringe,$16.21 ,$26.39 ,2/28/2022,"Seqirus USA, Inc",75D30121D10215,2021-04-01
Influenza [5],Afluria,33332-0321-01,10 pack – 1 dose syringe,$13.51 ,$19.11 ,2/28/2022,"Seqirus USA, Inc",75D30121D10215,2021-04-01
Influenza [5],Afluria,33332-0421-10,10 dose vial,$12.97 ,$17.67 ,2/28/2022,"Seqirus USA, Inc",75D30121D10215,2021-04-01
Influenza [5],FluMist,66019-0308-10,10 pack- 1 dose sprayer (Intranasal),$16.45 ,$23.70 ,2/28/2022,AstraZeneca,75D30121D10217,2021-04-01
Influenza [5],Fluzone,49281-0635-15,10 dose vial,$13.29 ,$17.59 ,2/28/2022,Sanofi Pasteur,75D30121D10190,2021-08-01
Influenza [5],Fluzone,49281-0421-10,10 pack – 1 dose vial,$14.22 ,$18.84 ,2/28/2022,Sanofi Pasteur,75D30121D10190,2021-08-01
Influenza [5],Fluarix,58160-0887-52,10 pack- 1 dose syringe,$13.04 ,$18.13 ,2/28/2022,GlaxoSmithKline,75D30121D10196,2021-08-01
Influenza [5],FluLaval,19515-0818-52,10 pack- 1 dose syringe,$13.04 ,$18.13 ,2/28/2022,GlaxoSmithKline,75D30121D10196,2021-08-01
Influenza [5],Flucelvax Quadrivalent,70461-0321-03,10 pack – 1 dose syringe,$16.21 ,$26.39 ,2/28/2022,"Seqirus USA, Inc",75D30121D10215,2021-08-01
Influenza [5],Afluria,33332-0321-01,10 pack – 1 dose syringe,$13.51 ,$19.11 ,2/28/2022,"Seqirus USA, Inc",75D30121D10215,2021-08-01
Influenza [5],Afluria,33332-0421-10,10 dose vial,$12.97 ,$17.67 ,2/28/2022,"Seqirus USA, Inc",75D30121D10215,2021-08-01
Influenza [5],FluMist,66019-0308-10,10 pack- 1 dose sprayer (Intranasal),$16.45 ,$23.70 ,2/28/2022,AstraZeneca,75D30121D10217,2021-08-01
Influenza [5],Fluzone,49281-0635-15,10 dose vial,$13.29 ,$17.59 ,2/28/2022,Sanofi Pasteur,75D30121D10190,2021-10-18
Influenza [5],Fluzone,49281-0421-10,10 pack – 1 dose vial,$14.22 ,$18.84 ,2/28/2022,Sanofi Pasteur,75D30121D10190,2021-10-18
Influenza [5],Fluarix,58160-0887-52,10 pack- 1 dose syringe,$13.04 ,$18.13 ,2/28/2022,GlaxoSmithKline,75D30121D10196,2021-10-18
Influenza [5],FluLaval,19515-0818-52,10 pack- 1 dose syringe,$13.04 ,$18.13 ,2/28/2022,GlaxoSmithKline,75D30121D10196,2021-10-18
Influenza [5],Flucelvax Quadrivalent,70461-0321-03,10 pack – 1 dose syringe,$16.21 ,$26.39 ,2/28/2022,"Seqirus USA, Inc",75D30121D10215,2021-10-18
Influenza [5],Afluria,33332-0321-01,10 pack – 1 dose syringe,$13.51 ,$19.11 ,2/28/2022,"Seqirus USA, Inc",75D30121D10215,2021-10-18
Influenza [5],Afluria,33332-0421-10,10 dose vial,$12.97 ,$17.67 ,2/28/2022,"Seqirus USA, Inc",75D30121D10215,2021-10-18
Influenza [5],FluMist,66019-0308-10,10 pack- 1 dose sprayer (Intranasal),$16.45 ,$23.70 ,2/28/2022,AstraZeneca,75D30121D10217,2021-10-18
Influenza [5],Fluzone,49281-0635-15,10 dose vial,$13.29 ,$17.59 ,2/28/2022,Sanofi Pasteur,75D30121D10190,2022-01-01
Influenza [5],Fluzone,49281-0421-10,10 pack – 1 dose vial,$14.22 ,$18.84 ,2/28/2022,Sanofi Pasteur,75D30121D10190,2022-01-01
Influenza [5],Fluarix,58160-0887-52,10 pack- 1 dose syringe,$13.04 ,$18.13 ,2/28/2022,GlaxoSmithKline,75D30121D10196,2022-01-01
Influenza [5],FluLaval,19515-0818-52,10 pack- 1 dose syringe,$13.04 ,$18.13 ,2/28/2022,GlaxoSmithKline,75D30121D10196,2022-01-01
Influenza [5],Flucelvax ,70461-0321-03,10 pack – 1 dose syringe,$16.21 ,$26.39 ,2/28/2022,"Seqirus USA, Inc",75D30121D10215,2022-01-01
Influenza [5],Afluria,33332-0321-01,10 pack – 1 dose syringe,$13.51 ,$19.11 ,2/28/2022,"Seqirus USA, Inc",75D30121D10215,2022-01-01
Influenza [5],Afluria,33332-0421-10,10 dose vial,$12.97 ,$17.67 ,2/28/2022,"Seqirus USA, Inc",75D30121D10215,2022-01-01
Influenza [5],FluMist,66019-0308-10,10 pack- 1 dose sprayer (Intranasal),$16.45 ,$23.70 ,2/28/2022,AstraZeneca,75D30121D10217,2022-01-01
Influenza [5],Fluzone,49281-0637-15,10 dose vial,$13.67 ,$17.34 ,2/28/2023,Sanofi Pasteur,75D30122D12998,2022-04-01
Influenza [5],Fluzone,49281-0422-10,10 pack – 1 dose vial,$14.63 ,$18.63 ,2/28/2023,Sanofi Pasteur,75D30122D12998,2022-04-01
Influenza [5],Fluarix,58160-0890-52,10 pack- 1 dose syringe,$13.41 ,$19.00 ,2/28/2023,GlaxoSmithKline,75D30122D12996,2022-04-01
Influenza [5],FluLaval,19515-0808-52,10 pack- 1 dose syringe,$13.41 ,$19.00 ,2/28/2023,GlaxoSmithKline,75D30122D12996,2022-04-01
Influenza [5],Flucelvax Quadrivalent,70461-0322-03,10 pack – 1 dose syringe,$18.07 ,$28.44 ,2/28/2023,"Seqirus USA, Inc",75D30122D13000,2022-04-01
Influenza [5],Afluria,33332-0322-03,10 pack – 1 dose syringe,$14.24 ,$20.03 ,2/28/2023,"Seqirus USA, Inc",75D30122D13000,2022-04-01
Influenza [5],Afluria,33332-0422-10,10 dose vial,$13.58 ,$18.52 ,2/28/2023,"Seqirus USA, Inc",75D30122D13000,2022-04-01
Influenza [5],FluMist,66019-0309-10,10 pack- 1 dose sprayer (Intranasal),$16.45 ,$22.95 ,2/28/2023,AstraZeneca,75D30122D12994,2022-04-01
Influenza [5],Fluzone,49281-0637-15,10 dose vial,$13.67 ,$18.09 ,2/28/2023,Sanofi Pasteur,75D30122D12998,2022-07-01
Influenza [5],Fluzone,49281-0422-10,10 pack – 1 dose vial,$14.63 ,$19.38 ,2/28/2023,Sanofi Pasteur,75D30122D12998,2022-07-01
Influenza [5],Fluarix,58160-0890-52,10 pack- 1 dose syringe,$13.41 ,$19.00 ,2/28/2023,GlaxoSmithKline,75D30122D12996,2022-07-01
Influenza [5],FluLaval,19515-0808-52,10 pack- 1 dose syringe,$13.41 ,$19.00 ,2/28/2023,GlaxoSmithKline,75D30122D12996,2022-07-01
Influenza [5],Flucelvax Quadrivalent,70461-0322-03,10 pack – 1 dose syringe,$18.07 ,$28.44 ,2/28/2023,"Seqirus USA, Inc",75D30122D13000,2022-07-01
Influenza [5],Afluria,33332-0322-03,10 pack – 1 dose syringe,$14.24 ,$20.03 ,2/28/2023,"Seqirus USA, Inc",75D30122D13000,2022-07-01
Influenza [5],Afluria,33332-0422-10,10 dose vial,$13.58 ,$18.52 ,2/28/2023,"Seqirus USA, Inc",75D30122D13000,2022-07-01
Influenza [5],FluMist,66019-0309-10,10 pack- 1 dose sprayer (Intranasal),$16.45 ,$22.95 ,2/28/2023,AstraZeneca,75D30122D12994,2022-07-01
Influenza [5],Fluzone,49281-0637-15,10 dose vial,$13.67 ,$18.09 ,2/28/2023,Sanofi Pasteur,75D30122D12998,2022-10-02
Influenza [5],Fluzone,49281-0422-10,10 pack – 1 dose vial,$14.63 ,$19.38 ,2/28/2023,Sanofi Pasteur,75D30122D12998,2022-10-02
Influenza [5],Fluarix,58160-0890-52,10 pack- 1 dose syringe,$13.41 ,$19.00 ,2/28/2023,GlaxoSmithKline,75D30122D12996,2022-10-02
Influenza [5],FluLaval,19515-0808-52,10 pack- 1 dose syringe,$13.41 ,$19.00 ,2/28/2023,GlaxoSmithKline,75D30122D12996,2022-10-02
Influenza [5],Flucelvax Quadrivalent,70461-0322-03,10 pack – 1 dose syringe,$18.07 ,$28.44 ,2/28/2023,"Seqirus USA, Inc",75D30122D13000,2022-10-02
Influenza [5],Afluria,33332-0322-03,10 pack – 1 dose syringe,$14.24 ,$20.03 ,2/28/2023,"Seqirus USA, Inc",75D30122D13000,2022-10-02
Influenza [5],Afluria,33332-0422-10,10 dose vial,$13.58 ,$18.52 ,2/28/2023,"Seqirus USA, Inc",75D30122D13000,2022-10-02
Influenza [5],FluMist,66019-0309-10,10 pack- 1 dose sprayer (Intranasal),$16.45 ,$22.95 ,2/28/2023,AstraZeneca,75D30122D12994,2022-10-02
Influenza [5],Fluzone,49281-0637-15,10 dose vial,$13.67 ,$18.09 ,2/28/2023,Sanofi Pasteur,75D30122D12998,2023-01-03
Influenza [5],Fluzone,49281-0422-10,10 pack – 1 dose vial,$14.63 ,$19.38 ,2/28/2023,Sanofi Pasteur,75D30122D12998,2023-01-03
Influenza [5],Fluarix,58160-0890-52,10 pack- 1 dose syringe,$13.41 ,$19.00 ,2/28/2023,GlaxoSmithKline,75D30122D12996,2023-01-03
Influenza [5],FluLaval,19515-0808-52,10 pack- 1 dose syringe,$13.41 ,$19.00 ,2/28/2023,GlaxoSmithKline,75D30122D12996,2023-01-03
Influenza [5],Flucelvax ,70461-0322-03,10 pack – 1 dose syringe,$18.07 ,$28.44 ,2/28/2023,"Seqirus USA, Inc",75D30122D13000,2023-01-03
Influenza [5],Afluria,33332-0322-03,10 pack – 1 dose syringe,$14.24 ,$20.03 ,2/28/2023,"Seqirus USA, Inc",75D30122D13000,2023-01-03
Influenza [5],Afluria,33332-0422-10,10 dose vial,$13.58 ,$18.52 ,2/28/2023,"Seqirus USA, Inc",75D30122D13000,2023-01-03
Influenza [5],FluMist,66019-0309-10,10 pack- 1 dose sprayer (Intranasal),$16.45 ,$22.95 ,2/28/2023,AstraZeneca,75D30122D12994,2023-01-03
Influenza [5],Fluzone,49281-0639-15,10 dose vial,$13.93 ,$18.44 ,2/28/2024,Sanofi Pasteur,75D30123D15812,2023-04-01
Influenza [5],Fluzone,49281-0423-50,10 pack – 1 dose syringe,$14.91 ,$19.76 ,2/28/2024,Sanofi Pasteur,75D30123D15812,2023-04-01
Influenza [5],Fluarix,58160-0909-52,10 pack- 1 dose syringe,$13.92 ,$19.73 ,2/28/2024,GlaxoSmithKline,75D30123D15810,2023-04-01
Influenza [5],FluLaval,19515-0814-52,10 pack- 1 dose syringe,$13.92 ,$19.73 ,2/28/2024,GlaxoSmithKline,75D30123D15810,2023-04-01
Influenza [5],Flucelvax Quadrivalent,70461-0323-03,10 pack – 1 dose syringe,$19.03 ,$30.10 ,2/28/2024,"Seqirus USA, Inc",75D30123D15814,2023-04-01
Influenza [5],Afluria,33332-0323-03,10 pack – 1 dose syringe,$15.22 ,$20.79 ,2/28/2024,"Seqirus USA, Inc",75D30123D15814,2023-04-01
Influenza [5],Afluria,33332-0423-10,10 dose vial,$14.51 ,$19.22 ,2/28/2024,"Seqirus USA, Inc",75D30123D15814,2023-04-01
Influenza [5],FluMist,66019-0310-10,10 pack- 1 dose sprayer (Intranasal),$17.00 ,$23.75 ,2/28/2024,AstraZeneca,75D30123D15808,2023-04-01
Influenza [5],Fluzone,49281-0639-15,10 dose vial,$13.93 ,$18.44 ,2/28/2024,Sanofi Pasteur,75D30123D15812,2023-08-01
Influenza [5],Fluzone,49281-0423-50,10 pack – 1 dose syringe,$14.91 ,$19.76 ,2/28/2024,Sanofi Pasteur,75D30123D15812,2023-08-01
Influenza [5],Fluarix,58160-0909-52,10 pack- 1 dose syringe,$13.92 ,$19.73 ,2/28/2024,GlaxoSmithKline,75D30123D15810,2023-08-01
Influenza [5],FluLaval,19515-0814-52,10 pack- 1 dose syringe,$13.92 ,$19.73 ,2/28/2024,GlaxoSmithKline,75D30123D15810,2023-08-01
Influenza [5],Flucelvax Quadrivalent,70461-0323-03,10 pack – 1 dose syringe,$19.03 ,$30.10 ,2/28/2024,"Seqirus USA, Inc",75D30123D15814,2023-08-01
Influenza [5],Afluria,33332-0323-03,10 pack – 1 dose syringe,$15.22 ,$20.79 ,2/28/2024,"Seqirus USA, Inc",75D30123D15814,2023-08-01
Influenza [5],Afluria,33332-0423-10,10 dose vial,$14.51 ,$19.22 ,2/28/2024,"Seqirus USA, Inc",75D30123D15814,2023-08-01
Influenza [5],FluMist,66019-0310-10,10 pack- 1 dose sprayer (Intranasal),$17.00 ,$23.75 ,2/28/2024,AstraZeneca,75D30123D15808,2023-08-01
Influenza [5],Fluzone,49281-0639-15,10 dose vial,$13.93 ,$18.44 ,2/28/2024,Sanofi Pasteur,75D30123D15812,2023-10-05
Influenza [5],Fluzone,49281-0423-50,10 pack – 1 dose syringe,$14.91 ,$19.76 ,2/28/2024,Sanofi Pasteur,75D30123D15812,2023-10-05
Influenza [5],Fluarix,58160-0909-52,10 pack- 1 dose syringe,$13.92 ,$19.73 ,2/28/2024,GlaxoSmithKline,75D30123D15810,2023-10-05
Influenza [5],FluLaval,19515-0814-52,10 pack- 1 dose syringe,$13.92 ,$19.73 ,2/28/2024,GlaxoSmithKline,75D30123D15810,2023-10-05
Influenza [5],Flucelvax Quadrivalent,70461-0323-03,10 pack – 1 dose syringe,$19.03 ,$30.10 ,2/28/2024,"Seqirus USA, Inc",75D30123D15814,2023-10-05
Influenza [5],Afluria,33332-0323-03,10 pack – 1 dose syringe,$15.22 ,$20.79 ,2/28/2024,"Seqirus USA, Inc",75D30123D15814,2023-10-05
Influenza [5],Afluria,33332-0423-10,10 dose vial,$14.51 ,$19.22 ,2/28/2024,"Seqirus USA, Inc",75D30123D15814,2023-10-05
Influenza [5],FluMist,66019-0310-10,10 pack- 1 dose sprayer (Intranasal),$17.00 ,$23.75 ,2/28/2024,AstraZeneca,75D30123D15808,2023-10-05
Influenza [5],Fluzone,49281-0639-15,10 dose vial,$13.93 ,$18.44 ,2/28/2024,Sanofi Pasteur,75D30123D15812,2024-01-02
Influenza [5],Fluzone,49281-0423-50,10 pack – 1 dose syringe,$14.91 ,$19.76 ,2/28/2024,Sanofi Pasteur,75D30123D15812,2024-01-02
Influenza [5],Fluarix,58160-0909-52,10 pack- 1 dose syringe,$13.92 ,$19.73 ,2/28/2024,GlaxoSmithKline,75D30123D15810,2024-01-02
Influenza [5],FluLaval,19515-0814-52,10 pack- 1 dose syringe,$13.92 ,$19.73 ,2/28/2024,GlaxoSmithKline,75D30123D15810,2024-01-02
Influenza [5],Flucelvax ,70461-0323-03,10 pack – 1 dose syringe,$19.03 ,$30.10 ,2/28/2024,"Seqirus USA, Inc",75D30123D15814,2024-01-02
Influenza [5],Afluria,33332-0323-03,10 pack – 1 dose syringe,$15.22 ,$20.79 ,2/28/2024,"Seqirus USA, Inc",75D30123D15814,2024-01-02
Influenza [5],Afluria,33332-0423-10,10 dose vial,$14.51 ,$19.22 ,2/28/2024,"Seqirus USA, Inc",75D30123D15814,2024-01-02
Influenza [5],FluMist,66019-0310-10,10 pack- 1 dose sprayer (Intranasal),$17.00 ,$23.75 ,2/28/2024,AstraZeneca,75D30123D15808,2024-01-02
Influenza [5],Fluzone,49281-0641-15,10 dose vial,$13.93 ,$19.30 ,2/28/2025,Sanofi Pasteur,75D30124D18411,2024-04-01
Influenza [5],Fluzone,49281-0424-50,10 pack – 1 dose syringe,$14.34 ,$20.68 ,2/28/2025,Sanofi Pasteur,75D30124D18411,2024-04-01
Influenza [5],Fluarix,58160-0884-52,10 pack- 1 dose syringe,$13.92 ,$19.73 ,2/28/2025,GlaxoSmithKline,75D30124D18409,2024-04-01
Influenza [5],Flucelvax TIV,70461-0654-03,10 pack- 1 dose syringe,$19.76 ,$32.45 ,2/28/2025,"Seqirus USA, Inc",75D30124D18413,2024-04-01
Influenza [5],Flucelvax TIV,70461-0554-10,10 dose vial,$19.24 ,$32.45 ,2/28/2025,"Seqirus USA, Inc",75D30124D18413,2024-04-01
Influenza [5],Afluria,33332-0024-03,10 pack – 1 dose syringe,$15.52 ,$21.60 ,2/28/2025,"Seqirus USA, Inc",75D30124D18413,2024-04-01
Influenza [5],Afluria,33332-0124-10,10 dose vial,$14.36 ,$19.96 ,2/28/2025,"Seqirus USA, Inc",75D30124D18413,2024-04-01
Influenza [5],FluMist,66019-0311-10,10 pack- 1 dose sprayer (Intranasal),$17.64 ,$24.70 ,2/28/2025,AstraZeneca,75D30124D18407,2024-04-01
Influenza F,Fluzone,49281-0641-15,10 dose vial,$13.93 ,$19.30 ,2/28/2025,Sanofi Pasteur,75D30124D18411,2024-08-23
Influenza F,Fluzone,49281-0424-50,10 pack – 1 dose syringe,$14.34 ,$20.68 ,2/28/2025,Sanofi Pasteur,75D30124D18411,2024-08-23
Influenza F,Fluarix,58160-0884-52,10 pack- 1 dose syringe,$13.92 ,$19.73 ,2/28/2025,GlaxoSmithKline,75D30124D18409,2024-08-23
Influenza F,Flucelvax TIV,70461-0654-03,10 pack- 1 dose syringe,$19.76 ,$32.45 ,2/28/2025,"Seqirus USA, Inc",75D30124D18413,2024-08-23
Influenza F,Flucelvax TIV,70461-0554-10,10 dose vial,$19.24 ,$32.45 ,2/28/2025,"Seqirus USA, Inc",75D30124D18413,2024-08-23
Influenza F,Afluria,33332-0024-03,10 pack – 1 dose syringe,$15.52 ,$21.60 ,2/28/2025,"Seqirus USA, Inc",75D30124D18413,2024-08-23
Influenza F,Afluria,33332-0124-10,10 dose vial,$14.36 ,$19.96 ,2/28/2025,"Seqirus USA, Inc",75D30124D18413,2024-08-23
Influenza F,FluMist,66019-0311-10,10 pack- 1 dose sprayer (Intranasal),$17.64 ,$24.70 ,2/28/2025,AstraZeneca,75D30124D18407,2024-08-23
InfluenzaF(Age 6 months and older),Fluzone,49281-0641-15,10 dose vial,$13.93 ,$19.30 ,2/28/2025,Sanofi Pasteur,75D30124D18411,2025-02-01
InfluenzaF(Age 6 months and older),Fluzone,49281-0424-50,10 pack - 1 dose syringe,$14.34 ,$20.68 ,2/28/2025,Sanofi Pasteur,75D30124D18411,2025-02-01
InfluenzaF(Age 6 months and older),Fluarix,58160-0884-52,10 pack- 1 dose syringe,$13.92 ,$19.73 ,2/28/2025,GlaxoSmithKline,75D30124D18409,2025-02-01
InfluenzaF(Age 6 months and older),Flucelvax,70461-0654-03,10 pack- 1 dose syringe,$19.76 ,$32.45 ,2/28/2025,"Seqirus USA, Inc",75D30124D18413,2025-02-01
InfluenzaF(Age 6 months and older),Flucelvax,70461-0554-10,10 dose vial,$19.24 ,$32.45 ,2/28/2025,"Seqirus USA, Inc",75D30124D18413,2025-02-01
InfluenzaF(Age 36 months and older),Afluria,33332-0024-03,10 pack - 1 dose syringe,$14.41 ,$21.60 ,2/28/2025,"Seqirus USA, Inc",75D30124D18413,2025-02-01
InfluenzaF(Age 6 months and older),Afluria,33332-0124-10,10 dose vial,$13.33 ,$19.96 ,2/28/2025,"Seqirus USA, Inc",75D30124D18413,2025-02-01
"InfluenzaFLive, Intranasal (Age 2-49 years)",FluMist,66019-0311-10,10 pack- 1 dose sprayer (Intranasal),$17.64 ,$24.70 ,2/28/2025,AstraZeneca,75D30124D18407,2025-02-01
